id,carry_big_objects_tables_chairs_etc__in_the_direction_of_the_arrow,carry_big_objects_tables_chairs_etc__in_the_direction_of_the_arrow:variance,carry_big_objects_tables_chairs_etc_within_the_circle,carry_big_objects_tables_chairs_etc_within_the_circle:variance,carry_cold_food_in_the_direction_of_the_arrow,carry_cold_food_in_the_direction_of_the_arrow:variance,carry_cold_food_within_the_circle,carry_cold_food_within_the_circle:variance,carry_drinks_in_the_direction_of_the_arrow,carry_drinks_in_the_direction_of_the_arrow:variance,carry_drinks_within_the_circle,carry_drinks_within_the_circle:variance,carry_small_objects_plates_toys_etc__in_the_direction_of_the_arrow,carry_small_objects_plates_toys_etc__in_the_direction_of_the_arrow:variance,carry_small_objects_plates_toys_etc_within_the_circle,carry_small_objects_plates_toys_etc_within_the_circle:variance,carry_warm_food_in_the_direction_of_the_arrow,carry_warm_food_in_the_direction_of_the_arrow:variance,carry_warm_food_within_the_circle,carry_warm_food_within_the_circle:variance,cleaning_picking_up_stuff_within_the_circle,cleaning_picking_up_stuff_within_the_circle:variance,mopping_the_floor_in_the_direction_of_the_arrow,mopping_the_floor_in_the_direction_of_the_arrow:variance,mopping_the_floor_within_the_circle,mopping_the_floor_within_the_circle:variance,starting_conversation_in_the_direction_of_the_arrow,starting_conversation_in_the_direction_of_the_arrow:variance,vacuum_cleaning_in_the_direction_of_the_arrow,vacuum_cleaning_in_the_direction_of_the_arrow:variance,vacuum_cleaning_within_the_circle,vacuum_cleaning_within_the_circle:variance,2nd_closest_human_facing_robot,3d_closest_human_facing_robot,closest_human_facing_robot,direction_from_closest_human_to_robot,direction_to_2nd_closest_human,direction_to_3rd_closest_human,direction_to_closest_human,distance_to_2nd_closest_human,distance_to_3rd_closest_human,distance_to_closest_animal,distance_to_closest_child,distance_to_closest_human,distance_to_group,group_radius,music_playing,number_of_agents_in_scene,number_of_animals,number_of_children,number_of_people,number_of_people_in_group,number_of_people_sittinglaying_in_sofa,robot_facing_2nd_closest_human,robot_facing_3rd_closest_human,robot_facing_closest_human,robot_facing_group,robot_within_group,robot_work_radius,stamp,using_arrow,using_circle
2633639406,3.27,1.181,0.0,0.0,3.73,1.181,0.0,0.0,3.47,1.204,0.0,0.0,3.4,1.083,0.0,0.0,3.73,1.236,0.0,0.0,0.0,0.0,3.13,1.31,0.0,0.0,3.47,1.147,3.07,1.34,0.0,0.0,0,0,0,141.4374,112.9306,58.320409999999995,90.43741,1.382456,1.524118,50.0,50.0,0.942421,50.0,50.0,0,7,0,0,6,0,0,0,0,0,0,0,0.0,0,1,0
2633639407,3.22,1.227,0.0,0.0,3.11,1.4869999999999999,0.0,0.0,3.06,1.3530000000000002,0.0,0.0,3.11,1.242,0.0,0.0,3.17,1.213,0.0,0.0,0.0,0.0,3.0,1.4909999999999999,0.0,0.0,3.06,1.393,3.0,1.291,0.0,0.0,0,0,0,269.8018,310.6738,312.6696,358.8712,1.404158,2.76687,50.0,3.872036,1.126082,50.0,50.0,0,6,0,2,5,0,0,0,0,1,0,0,0.0,1,1,0
2633639408,3.53,1.5430000000000001,0.0,0.0,3.73,1.389,0.0,0.0,3.4,1.541,0.0,0.0,3.53,1.454,0.0,0.0,3.6,1.4509999999999998,0.0,0.0,0.0,0.0,3.8,1.376,0.0,0.0,3.6,1.665,3.6,1.405,0.0,0.0,0,0,1,354.7702,181.9705,163.423,65.96844,4.9291279999999995,4.9814110000000005,50.0,0.9022657,0.9022657,50.0,50.0,0,5,0,1,4,0,0,0,0,0,0,0,0.0,2,1,0
2633639409,3.58,1.311,0.0,0.0,3.47,1.534,0.0,0.0,3.53,1.272,0.0,0.0,3.58,1.228,0.0,0.0,3.37,1.494,0.0,0.0,0.0,0.0,3.26,1.551,0.0,0.0,3.63,1.306,3.32,1.416,0.0,0.0,0,0,0,155.3968,23.688779999999998,337.4302,350.2453,1.1846079999999999,1.473818,50.0,50.0,0.8568723,1.392087,0.5665207,0,7,0,0,6,5,0,1,1,1,1,0,0.0,3,1,0
2633639410,0.0,0.0,3.47,1.147,0.0,0.0,3.4,1.143,0.0,0.0,3.53,1.258,0.0,0.0,3.47,1.204,0.0,0.0,3.4,1.143,3.53,1.147,0.0,0.0,3.4,1.306,0.0,0.0,0.0,0.0,3.6,1.2,0,1,0,124.7725,145.9841,10.265839999999999,198.1909,0.5935125,4.445046,50.0,50.0,0.555838,50.0,50.0,0,5,0,0,4,0,0,0,1,0,0,0,2.810554,4,0,1
2633639411,0.0,0.0,3.5,1.245,0.0,0.0,3.4,1.4969999999999999,0.0,0.0,3.4,1.281,0.0,0.0,3.45,1.244,0.0,0.0,3.6,1.319,3.55,1.244,0.0,0.0,3.75,1.2990000000000002,0.0,0.0,0.0,0.0,3.75,1.26,0,0,0,72.43293,213.7712,206.2966,42.58545,2.762877,2.9548810000000003,50.0,50.0,1.637168,50.0,50.0,0,7,0,0,6,0,0,0,0,1,0,0,1.877925,5,0,1
2633639412,0.0,0.0,3.73,1.34,0.0,0.0,3.13,1.4080000000000001,0.0,0.0,3.33,1.445,0.0,0.0,3.53,1.31,0.0,0.0,3.2,1.327,3.53,1.36,0.0,0.0,3.73,1.2890000000000001,0.0,0.0,0.0,0.0,3.8,1.222,0,0,0,72.452,1000.0,1000.0,142.8334,50.0,50.0,50.0,50.0,6.21331,50.0,50.0,0,2,0,0,1,0,0,0,0,0,0,0,1.4454040000000001,6,0,1
2633639414,3.14,1.455,0.0,0.0,2.86,1.455,0.0,0.0,2.95,1.429,0.0,0.0,2.91,1.411,0.0,0.0,2.91,1.505,0.0,0.0,0.0,0.0,2.77,1.475,0.0,0.0,3.0,1.595,2.82,1.435,0.0,0.0,0,0,1,323.7622,1000.0,1000.0,71.6586,50.0,50.0,50.0,50.0,2.179848,50.0,50.0,0,2,0,0,1,0,0,0,0,0,0,0,0.0,8,1,0
2633639415,4.33,1.135,0.0,0.0,4.27,1.236,0.0,0.0,4.33,1.135,0.0,0.0,4.4,1.083,0.0,0.0,4.0,1.5919999999999999,0.0,0.0,0.0,0.0,4.33,1.193,0.0,0.0,4.33,1.135,4.33,1.193,0.0,0.0,0,0,0,1000.0,1000.0,1000.0,1000.0,50.0,50.0,50.0,50.0,50.0,50.0,50.0,0,1,0,0,0,0,0,0,0,0,0,0,0.0,9,1,0
2633639416,3.4,1.3559999999999999,0.0,0.0,3.4,1.306,0.0,0.0,3.47,1.31,0.0,0.0,3.6,1.306,0.0,0.0,3.4,1.306,0.0,0.0,0.0,0.0,3.47,1.31,0.0,0.0,3.33,1.35,3.47,1.31,0.0,0.0,0,0,0,107.7836,1000.0,1000.0,201.0214,50.0,50.0,50.0,50.0,3.7984739999999997,50.0,50.0,0,2,0,0,1,0,0,0,0,0,0,0,0.0,10,1,0
2633639417,0.0,0.0,2.93,1.526,0.0,0.0,3.33,1.4909999999999999,0.0,0.0,3.47,1.5,0.0,0.0,3.27,1.436,0.0,0.0,3.33,1.3980000000000001,3.47,1.36,0.0,0.0,2.93,1.526,0.0,0.0,0.0,0.0,3.07,1.611,0,0,0,142.8982,72.62131,78.90926,88.11455,1.427115,2.010996,50.0,50.0,0.8770812,50.0,50.0,0,6,0,0,5,0,1,0,0,0,0,0,1.582288,11,0,1
2633639418,3.58,1.5330000000000001,0.0,0.0,3.84,1.225,0.0,0.0,3.89,1.209,0.0,0.0,3.89,1.209,0.0,0.0,3.74,1.291,0.0,0.0,0.0,0.0,3.74,1.291,0.0,0.0,3.58,1.4980000000000002,3.74,1.25,0.0,0.0,0,0,0,317.4496,142.4245,1000.0,71.75674000000001,4.165578,50.0,50.0,50.0,3.8418699999999997,50.0,50.0,0,3,0,0,2,0,1,0,0,0,0,0,0.0,12,1,0
2633639420,0.0,0.0,3.87,1.204,0.0,0.0,3.73,1.34,0.0,0.0,3.93,1.236,0.0,0.0,4.0,1.2109999999999999,0.0,0.0,3.87,1.258,3.73,1.34,0.0,0.0,4.0,1.317,0.0,0.0,0.0,0.0,3.73,1.436,1,0,0,158.3763,143.7248,1000.0,175.3667,3.6240580000000002,50.0,50.0,50.0,3.108594,50.0,50.0,0,3,0,0,2,0,0,0,0,0,0,0,1.573692,14,0,1
2633639422,0.0,0.0,3.69,1.4880000000000002,0.0,0.0,3.69,1.435,0.0,0.0,3.73,1.374,0.0,0.0,3.81,1.301,0.0,0.0,3.65,1.466,3.77,1.449,0.0,0.0,3.65,1.568,0.0,0.0,0.0,0.0,3.81,1.3869999999999998,0,0,1,34.15363,1000.0,1000.0,196.4141,50.0,50.0,50.0,50.0,4.045765,50.0,50.0,0,2,0,0,1,0,0,0,0,0,0,0,1.2215200000000002,16,0,1
2633639423,3.21,1.055,0.0,0.0,3.42,0.99,0.0,0.0,3.16,1.225,0.0,0.0,3.26,0.965,0.0,0.0,3.37,1.0859999999999999,0.0,0.0,0.0,0.0,3.21,1.055,0.0,0.0,3.21,1.004,3.32,1.172,0.0,0.0,0,0,0,46.15675,113.6328,1.0012510000000001,7.003113000000001,2.567755,3.6610620000000003,50.0,50.0,2.142594,50.0,50.0,0,7,0,0,6,0,0,0,1,1,0,0,0.0,17,1,0
2633639424,3.0,1.2109999999999999,0.0,0.0,3.33,1.35,0.0,0.0,3.07,1.2890000000000001,0.0,0.0,3.2,1.327,0.0,0.0,3.27,1.2890000000000001,0.0,0.0,0.0,0.0,3.2,1.275,0.0,0.0,3.27,1.34,3.2,1.275,0.0,0.0,0,0,0,214.84400000000002,287.9637,345.7528,230.6891,1.581628,2.302838,50.0,50.0,1.288526,50.0,50.0,0,7,0,0,6,0,0,0,1,0,0,0,0.0,18,1,0
2633639425,3.27,1.181,0.0,0.0,3.27,1.436,0.0,0.0,3.33,1.135,0.0,0.0,3.4,1.143,0.0,0.0,3.53,1.147,0.0,0.0,0.0,0.0,3.13,1.147,0.0,0.0,3.2,1.222,3.07,1.123,0.0,0.0,1,0,0,257.1814,52.14151,188.5208,33.97922,1.937617,2.911825,50.0,1.937617,1.125393,3.4912379999999996,0.7484223000000001,0,7,0,1,6,3,0,0,0,1,0,0,0.0,19,1,0
2633639426,3.69,1.206,0.0,0.0,3.79,1.186,0.0,0.0,3.83,1.315,0.0,0.0,3.69,1.235,0.0,0.0,3.69,1.177,0.0,0.0,0.0,0.0,3.72,1.31,0.0,0.0,3.69,1.177,3.62,1.215,0.0,0.0,0,0,0,141.6802,234.4165,10.98718,180.3365,0.8404765,3.051695,50.0,50.0,0.4008913,50.0,50.0,1,7,0,0,6,0,0,0,1,0,0,0,0.0,20,1,0
2633639427,0.0,0.0,3.4,1.143,0.0,0.0,3.47,0.884,0.0,0.0,3.33,0.943,0.0,0.0,3.4,1.02,0.0,0.0,3.07,1.181,3.67,1.011,0.0,0.0,3.27,1.2890000000000001,0.0,0.0,0.0,0.0,3.07,1.2890000000000001,0,0,0,59.67429,1000.0,1000.0,69.91411,50.0,50.0,5.451954,50.0,2.464521,50.0,50.0,0,3,1,0,1,0,0,0,0,0,0,0,0.8215136999999999,21,0,1
2633639428,0.0,0.0,3.55,1.499,0.0,0.0,3.36,1.5530000000000002,0.0,0.0,3.45,1.5590000000000002,0.0,0.0,3.45,1.5290000000000001,0.0,0.0,3.36,1.5530000000000002,3.41,1.614,0.0,0.0,3.5,1.5590000000000002,0.0,0.0,0.0,0.0,3.5,1.5590000000000002,0,0,0,93.98868,13.86935,1000.0,5.314392,5.371885,50.0,50.0,50.0,5.23825,50.0,50.0,0,3,0,0,2,0,0,1,0,1,0,0,2.155335,22,0,1
2633639430,3.07,1.34,0.0,0.0,3.73,1.062,0.0,0.0,3.8,0.98,0.0,0.0,3.47,1.147,0.0,0.0,3.8,1.046,0.0,0.0,0.0,0.0,3.67,1.011,0.0,0.0,3.87,1.087,3.4,1.254,0.0,0.0,0,1,0,223.3774,338.4697,25.61044,222.493,0.6446414,1.240534,50.0,50.0,0.4242669,1.0822459999999998,0.5374555999999999,0,7,0,0,6,3,0,1,1,0,1,0,0.0,24,1,0
2633639432,0.0,0.0,3.27,1.062,0.0,0.0,3.47,1.024,0.0,0.0,3.27,1.062,0.0,0.0,3.33,1.011,0.0,0.0,3.33,1.075,3.4,1.02,0.0,0.0,3.53,1.024,0.0,0.0,0.0,0.0,3.27,1.062,0,1,1,357.2418,275.0009,25.977339999999998,199.2418,0.4903605,1.559444,50.0,50.0,0.4173691,50.0,50.0,0,7,0,0,6,0,0,0,1,0,0,1,1.2118520000000002,26,0,1
2633639433,3.67,1.3,0.0,0.0,3.87,1.147,0.0,0.0,3.73,1.236,0.0,0.0,3.73,1.123,0.0,0.0,3.8,1.275,0.0,0.0,0.0,0.0,3.4,1.4969999999999999,0.0,0.0,4.07,1.123,3.8,1.275,0.0,0.0,0,0,1,335.4372,120.5097,223.7328,353.4598,2.346784,2.450176,50.0,3.511944,0.6974629,50.0,50.0,0,6,0,1,5,0,0,0,0,1,0,1,0.0,27,1,0
2633639435,0.0,0.0,2.94,1.345,0.0,0.0,3.25,1.521,0.0,0.0,3.0,1.275,0.0,0.0,3.19,1.3330000000000002,0.0,0.0,3.25,1.199,3.25,1.3459999999999999,0.0,0.0,3.06,1.391,0.0,0.0,0.0,0.0,3.0,1.4140000000000001,1,1,1,0.0,287.0,17.0,197.0,0.8518181,0.8518181,50.0,50.0,0.8518181,0.0,0.8518180000000001,0,7,0,0,6,4,1,0,1,0,1,1,0.7849114,29,0,1
2633639436,0.0,0.0,3.23,1.3119999999999998,0.0,0.0,3.64,1.189,0.0,0.0,3.45,1.2690000000000001,0.0,0.0,3.41,1.3019999999999998,0.0,0.0,3.73,1.095,3.73,1.213,0.0,0.0,3.36,1.189,0.0,0.0,0.0,0.0,3.32,1.2930000000000001,1,0,1,0.0,179.0,299.0,58.999990000000004,0.7244655,0.7244656,50.0,50.0,0.7244655,0.0,0.7244656,0,8,0,0,7,3,1,0,0,0,1,1,1.983744,30,0,1
2633639438,2.4,1.02,0.0,0.0,3.07,1.2890000000000001,0.0,0.0,3.07,1.062,0.0,0.0,2.87,0.884,0.0,0.0,2.53,1.024,0.0,0.0,0.0,0.0,2.53,1.087,0.0,0.0,3.6,0.9520000000000001,2.6,1.083,0.0,0.0,1,1,1,0.0,231.0,351.0,111.0,0.5587035,0.5587035,3.9620290000000002,50.0,0.5587034000000001,0.0,0.5587035,0,7,1,0,5,3,0,0,1,0,1,1,0.0,32,1,0
2633639439,3.27,1.34,0.0,0.0,3.47,1.31,0.0,0.0,3.27,1.389,0.0,0.0,3.27,1.34,0.0,0.0,3.2,1.376,0.0,0.0,0.0,0.0,3.47,1.31,0.0,0.0,3.27,1.436,3.33,1.3980000000000001,0.0,0.0,0,0,0,175.7948,191.6782,169.2451,178.9124,3.886106,3.958264,50.0,50.0,2.526752,3.4068980000000004,0.8819068999999999,0,4,0,0,0,3,0,0,0,0,0,0,0.0,33,1,0
2633639441,0.0,0.0,3.27,1.2890000000000001,0.0,0.0,3.8,1.166,0.0,0.0,3.33,1.4909999999999999,0.0,0.0,3.67,1.075,0.0,0.0,3.67,1.193,3.6,1.143,0.0,0.0,3.47,1.36,0.0,0.0,0.0,0.0,3.53,1.31,1,0,1,0.0,142.0,262.0,22.00001,0.8183089,0.8183090999999999,50.0,50.0,0.8183089,0.0,0.8183090000000001,0,7,0,0,6,3,0,0,0,1,1,1,1.051094,35,0,1
2633639442,0.0,0.0,3.22,1.25,0.0,0.0,3.3,1.195,0.0,0.0,3.26,1.39,0.0,0.0,3.26,1.15,0.0,0.0,3.13,1.1909999999999998,3.26,1.2590000000000001,0.0,0.0,3.43,1.173,0.0,0.0,0.0,0.0,3.52,1.137,0,0,0,162.418,190.31099999999998,172.8349,176.5458,3.272365,3.5043260000000003,50.0,50.0,2.466933,3.0529759999999997,0.6089433000000001,0,4,0,0,0,3,0,0,0,0,0,0,1.8506630000000002,36,0,1
2633639443,3.21,1.436,0.0,0.0,3.37,1.179,0.0,0.0,3.26,1.37,0.0,0.0,3.21,1.3980000000000001,0.0,0.0,3.11,1.252,0.0,0.0,0.0,0.0,3.16,1.182,0.0,0.0,3.58,1.311,3.11,1.334,0.0,0.0,1,1,1,0.0,340.0,52.0,268.0,0.501923,0.501923,50.0,1.513339,0.501923,0.0,0.501923,0,8,0,1,7,5,0,1,0,0,1,1,0.0,37,1,0
2633639445,3.14,1.196,0.0,0.0,3.24,1.2770000000000001,0.0,0.0,3.17,1.085,0.0,0.0,3.21,1.156,0.0,0.0,3.21,1.063,0.0,0.0,0.0,0.0,3.17,1.288,0.0,0.0,3.41,1.13,3.21,1.214,0.0,0.0,1,0,1,0.0,314.0,134.0,224.0,0.9080386,0.9080386999999999,50.0,3.045195,0.9080386,0.0,0.9080386999999999,0,7,0,2,2,4,0,0,0,0,1,1,0.0,39,1,0
2633639446,3.54,1.1840000000000002,0.0,0.0,3.54,1.046,0.0,0.0,3.62,1.077,0.0,0.0,3.58,1.115,0.0,0.0,3.42,1.115,0.0,0.0,0.0,0.0,3.5,1.1179999999999999,0.0,0.0,3.73,1.058,3.42,1.149,0.0,0.0,1,0,0,103.7023,124.7625,346.2617,333.7023,1.133214,1.6076409999999999,50.0,50.0,1.079949,50.0,50.0,0,6,0,0,5,0,0,0,1,1,0,1,0.0,40,1,0
2633639447,3.2,1.275,0.0,0.0,3.07,1.389,0.0,0.0,3.4,1.306,0.0,0.0,3.53,1.147,0.0,0.0,3.07,1.389,0.0,0.0,0.0,0.0,3.2,1.47,0.0,0.0,3.47,1.31,3.47,1.147,0.0,0.0,0,0,0,182.1199,47.85962,348.9319,0.41237640000000003,3.43614,3.7549379999999997,50.0,50.0,2.9858029999999998,3.7065839999999994,0.7211788,0,6,0,0,5,4,0,0,1,1,1,0,0.0,41,1,0
2633639448,3.6,1.3559999999999999,0.0,0.0,3.6,1.306,0.0,0.0,3.6,1.405,0.0,0.0,3.53,1.36,0.0,0.0,3.67,1.247,0.0,0.0,0.0,0.0,3.73,1.123,0.0,0.0,3.47,1.5,3.67,1.193,0.0,0.0,0,0,0,93.67352,2.802643,350.0941,248.0003,3.7240309999999996,4.350834,50.0,50.0,0.7404321,4.468058,0.770312,0,6,0,0,5,4,0,1,1,0,1,0,0.0,42,1,0
2633639450,3.42,1.27,0.0,0.0,3.21,1.36,0.0,0.0,3.47,1.23,0.0,0.0,3.58,1.311,0.0,0.0,3.42,1.311,0.0,0.0,0.0,0.0,3.47,1.272,0.0,0.0,3.58,1.1840000000000002,3.16,1.531,0.0,0.0,0,0,0,77.08875,142.4297,1000.0,171.5436,1.610201,50.0,2.781317,1.338187,1.338187,50.0,50.0,0,4,1,2,2,0,0,0,0,0,0,0,0.0,44,1,0
2633639451,0.0,0.0,3.73,1.175,0.0,0.0,3.86,1.179,0.0,0.0,3.77,1.165,0.0,0.0,3.73,1.213,0.0,0.0,3.77,1.203,3.86,1.099,0.0,0.0,3.73,1.25,0.0,0.0,0.0,0.0,3.82,1.23,1,0,1,349.4192,350.9698,344.601,323.4767,4.032952,4.2055419999999994,50.0,50.0,2.484393,5.494408999999999,0.8810872,0,7,0,0,6,3,1,1,1,1,1,0,2.197381,45,0,1
2633639452,0.0,0.0,2.73,1.2890000000000001,0.0,0.0,3.33,1.3980000000000001,0.0,0.0,3.07,1.2890000000000001,0.0,0.0,3.0,1.265,0.0,0.0,3.27,1.2890000000000001,3.27,1.2890000000000001,0.0,0.0,3.33,1.3,0.0,0.0,0.0,0.0,3.4,1.3559999999999999,0,0,0,266.2749,174.7976,222.7352,132.3489,1.30617,3.535275,50.0,50.0,0.7601658,50.0,50.0,0,6,0,0,5,0,1,0,0,0,0,0,2.829013,46,0,1
2633639454,0.0,0.0,3.27,1.34,0.0,0.0,3.4,1.3559999999999999,0.0,0.0,3.2,1.275,0.0,0.0,3.33,1.193,0.0,0.0,3.4,1.306,3.4,1.405,0.0,0.0,3.0,1.4140000000000001,0.0,0.0,0.0,0.0,3.2,1.376,0,0,0,294.8349,131.9685,159.7664,201.9093,2.879707,3.855634,50.0,5.008534,1.286352,4.975489,0.5115319,0,8,0,1,7,3,2,0,0,0,0,0,1.240421,48,0,1
2633639455,0.0,0.0,3.53,1.147,0.0,0.0,3.73,1.181,0.0,0.0,3.4,1.254,0.0,0.0,3.33,1.3,0.0,0.0,3.53,1.204,3.73,1.181,0.0,0.0,3.4,1.306,0.0,0.0,0.0,0.0,3.67,1.3,0,0,0,53.50388,349.5122,10.05711,101.8119,1.472539,2.3393919999999997,50.0,50.0,1.3748280000000002,50.0,50.0,0,4,0,0,3,0,0,1,1,0,0,0,2.058575,49,0,1
2633639456,3.13,1.36,0.0,0.0,3.07,1.2890000000000001,0.0,0.0,3.0,1.4140000000000001,0.0,0.0,3.13,1.31,0.0,0.0,3.07,1.236,0.0,0.0,0.0,0.0,2.93,1.181,0.0,0.0,3.33,1.35,2.8,1.327,0.0,0.0,0,0,0,275.0893,120.8729,196.265,207.8851,3.3309019999999996,3.918563,50.0,50.0,0.8197964,50.0,50.0,0,5,0,0,4,0,1,0,0,0,0,0,0.0,50,1,0
2633639457,3.47,1.6280000000000001,0.0,0.0,3.47,1.5859999999999999,0.0,0.0,3.53,1.6280000000000001,0.0,0.0,3.6,1.541,0.0,0.0,3.53,1.5430000000000001,0.0,0.0,0.0,0.0,3.47,1.5859999999999999,0.0,0.0,3.53,1.5859999999999999,3.47,1.5859999999999999,0.0,0.0,0,0,0,78.62878,263.2661,235.7139,143.1596,2.0548990000000003,2.099431,50.0,50.0,0.9408947,50.0,50.0,1,6,0,0,5,0,0,0,0,0,0,0,0.0,51,1,0
2633639458,3.8,1.275,0.0,0.0,3.67,1.3,0.0,0.0,3.47,1.5430000000000001,0.0,0.0,4.0,1.155,0.0,0.0,3.73,1.2890000000000001,0.0,0.0,0.0,0.0,3.67,1.535,0.0,0.0,3.87,1.204,3.93,1.236,0.0,0.0,0,0,0,1000.0,1000.0,1000.0,1000.0,50.0,50.0,50.0,50.0,50.0,50.0,50.0,0,1,0,0,0,0,0,0,0,0,0,0,0.0,52,1,0
2633639459,4.0,1.17,0.0,0.0,4.21,1.104,0.0,0.0,3.95,1.234,0.0,0.0,3.89,1.165,0.0,0.0,3.79,1.281,0.0,0.0,0.0,0.0,3.84,1.268,0.0,0.0,4.0,1.17,3.68,1.2590000000000001,0.0,0.0,0,0,0,231.7958,107.0847,155.9194,198.9312,1.997237,2.036241,50.0,50.0,1.654452,2.3957900000000003,0.9891353,0,6,0,0,5,4,0,0,0,0,0,0,0.0,53,1,0
2633639460,3.2,1.514,0.0,0.0,3.4,1.405,0.0,0.0,3.4,1.4969999999999999,0.0,0.0,3.53,1.36,0.0,0.0,3.8,1.166,0.0,0.0,0.0,0.0,3.73,1.181,0.0,0.0,3.33,1.445,3.73,1.123,0.0,0.0,0,1,1,0.0,87.0,327.0,207.0,0.9259870000000001,0.9259873,50.0,50.0,0.9259869000000001,0.0,0.9259870000000001,0,6,0,0,5,3,1,0,1,0,1,1,0.0,54,1,0
2633639461,3.4,1.306,0.0,0.0,3.27,1.34,0.0,0.0,3.27,1.34,0.0,0.0,3.33,1.247,0.0,0.0,3.33,1.3,0.0,0.0,0.0,0.0,3.6,1.306,0.0,0.0,3.8,1.275,3.67,1.247,0.0,0.0,1,1,1,0.0,245.0,5.0,125.0,0.5830420999999999,0.5830420999999999,50.0,50.0,0.5830420999999999,0.0,0.5830422,0,4,0,0,0,3,0,0,1,0,1,1,0.0,55,1,0
2633639462,0.0,0.0,3.07,1.436,0.0,0.0,3.53,1.258,0.0,0.0,3.47,1.31,0.0,0.0,3.6,1.306,0.0,0.0,3.47,1.31,3.8,1.222,0.0,0.0,3.6,1.405,0.0,0.0,0.0,0.0,3.6,1.405,1,0,0,241.368,169.0096,181.36700000000002,189.8008,4.410553,5.557974,50.0,50.0,4.160722,4.662016,0.9041517,0,4,0,0,1,3,0,0,0,0,0,0,1.830528,56,0,1
2633639463,0.0,0.0,3.48,1.429,0.0,0.0,3.76,1.2770000000000001,0.0,0.0,3.48,1.429,0.0,0.0,3.76,1.25,0.0,0.0,3.72,1.229,3.66,1.3459999999999999,0.0,0.0,3.38,1.495,0.0,0.0,0.0,0.0,3.38,1.472,1,0,1,0.0,159.0,279.0,39.000009999999996,0.705739,0.7057391,50.0,50.0,0.705739,0.0,0.7057391,0,4,0,0,1,3,0,0,0,1,1,1,2.018199,57,0,1
2633639464,3.5,1.1179999999999999,0.0,0.0,3.72,1.446,0.0,0.0,3.56,1.212,0.0,0.0,3.44,1.165,0.0,0.0,3.61,1.208,0.0,0.0,0.0,0.0,3.83,1.3019999999999998,0.0,0.0,3.39,1.297,3.56,1.423,0.0,0.0,1,0,0,82.345,46.20264,109.7166,212.345,2.027318,2.881348,50.0,2.881348,0.7789187,50.0,50.0,0,6,0,1,5,0,0,0,0,0,0,1,0.0,58,1,0
2633639466,0.0,0.0,4.47,0.8059999999999999,0.0,0.0,4.4,0.9520000000000001,0.0,0.0,4.33,1.011,0.0,0.0,4.47,0.8059999999999999,0.0,0.0,4.2,0.98,4.27,1.062,0.0,0.0,4.33,0.943,0.0,0.0,0.0,0.0,4.27,1.062,0,0,0,272.7304,1000.0,1000.0,228.0802,50.0,50.0,50.0,50.0,4.456846,50.0,50.0,0,2,0,0,1,0,0,0,0,0,0,1,1.144013,60,0,1
2633639468,3.68,1.34,0.0,0.0,3.79,1.151,0.0,0.0,3.79,1.151,0.0,0.0,3.79,1.239,0.0,0.0,3.68,1.2590000000000001,0.0,0.0,0.0,0.0,3.68,1.172,0.0,0.0,3.63,1.306,3.58,1.1840000000000002,0.0,0.0,0,0,0,1000.0,1000.0,1000.0,1000.0,50.0,50.0,4.066605,50.0,50.0,50.0,50.0,0,2,1,0,0,0,0,0,0,0,0,1,0.0,62,1,0
2633639469,0.0,0.0,3.5,1.3019999999999998,0.0,0.0,3.56,1.301,0.0,0.0,3.61,1.297,0.0,0.0,3.44,1.4609999999999999,0.0,0.0,3.61,1.208,3.56,1.2570000000000001,0.0,0.0,3.61,1.297,0.0,0.0,0.0,0.0,3.61,1.253,1,0,0,240.7279,341.6852,326.6909,343.7494,3.650315,4.784338,5.739505,50.0,2.4621560000000002,50.0,50.0,0,8,1,0,6,0,0,1,1,1,0,1,1.226073,63,0,1
2633639470,3.53,1.36,0.0,0.0,3.73,1.123,0.0,0.0,3.47,1.258,0.0,0.0,3.53,1.204,0.0,0.0,3.47,1.258,0.0,0.0,0.0,0.0,3.4,1.306,0.0,0.0,3.73,1.181,3.47,1.4080000000000001,0.0,0.0,0,1,0,257.7272,2.511787,154.2855,205.1252,1.313512,1.3585690000000001,50.0,50.0,1.1946620000000001,1.4694200000000002,0.6385046,0,7,0,0,6,3,0,1,0,0,0,0,0.0,64,1,0
2633639471,4.07,1.123,0.0,0.0,3.8,1.166,0.0,0.0,3.93,0.929,0.0,0.0,3.93,1.062,0.0,0.0,3.67,1.3,0.0,0.0,0.0,0.0,3.8,1.327,0.0,0.0,4.07,1.181,3.8,1.222,0.0,0.0,1,0,0,229.4254,90.97736,242.8387,16.31169,1.3269540000000002,2.4414740000000004,50.0,50.0,0.9489004999999999,50.0,50.0,0,5,0,0,4,0,0,0,0,1,0,0,0.0,65,1,0
2633639472,0.0,0.0,3.26,1.207,0.0,0.0,3.63,1.037,0.0,0.0,3.26,1.37,0.0,0.0,3.68,1.0290000000000001,0.0,0.0,3.47,0.993,3.47,0.993,0.0,0.0,3.37,1.179,0.0,0.0,0.0,0.0,3.26,1.445,0,0,0,172.033,308.6094,228.9049,72.94185999999999,2.003997,2.787809,50.0,50.0,0.7858546,50.0,50.0,0,4,0,0,3,0,0,0,0,0,0,0,2.632606,66,0,1
2633639473,2.87,1.31,0.0,0.0,3.2,1.4240000000000002,0.0,0.0,3.2,1.275,0.0,0.0,3.07,1.236,0.0,0.0,3.0,1.317,0.0,0.0,0.0,0.0,2.93,1.2890000000000001,0.0,0.0,3.0,1.317,2.8,1.275,0.0,0.0,0,0,0,90.19019,254.5772,264.2477,251.1572,6.133714,6.264908999999999,50.0,50.0,5.56418,50.0,50.0,0,4,0,0,3,0,0,0,0,0,0,0,0.0,67,1,0
2633639474,4.11,1.252,0.0,0.0,3.84,1.598,0.0,0.0,4.16,1.308,0.0,0.0,4.16,1.182,0.0,0.0,4.16,1.268,0.0,0.0,0.0,0.0,4.0,1.298,0.0,0.0,4.11,1.334,4.0,1.298,0.0,0.0,0,0,0,1000.0,1000.0,1000.0,1000.0,50.0,50.0,50.0,50.0,50.0,50.0,50.0,0,1,0,0,0,0,0,0,0,0,0,0,0.0,68,1,0
2633639476,0.0,0.0,3.33,1.35,0.0,0.0,3.27,1.611,0.0,0.0,3.2,1.558,0.0,0.0,3.67,1.3,0.0,0.0,3.4,1.4509999999999998,3.73,1.389,0.0,0.0,3.53,1.454,0.0,0.0,0.0,0.0,3.53,1.454,1,0,0,233.5404,329.8282,311.1099,264.5404,2.561611,3.1427810000000003,50.0,50.0,1.486753,50.0,50.0,0,6,0,0,5,0,0,1,0,0,0,1,0.8670055,70,0,1
2633639477,3.56,1.315,0.0,0.0,3.59,1.472,0.0,0.0,3.52,1.4240000000000002,0.0,0.0,3.52,1.4240000000000002,0.0,0.0,3.7,1.409,0.0,0.0,0.0,0.0,3.56,1.499,0.0,0.0,3.56,1.3969999999999998,3.56,1.423,0.0,0.0,1,0,0,289.866,352.1389,311.0408,352.3256,3.838486,5.8895669999999996,50.0,50.0,1.427748,50.0,50.0,0,6,0,0,5,0,0,1,0,1,0,1,0.0,71,1,0
2633639478,3.44,1.1159999999999999,0.0,0.0,3.44,1.2229999999999999,0.0,0.0,3.25,1.25,0.0,0.0,3.38,1.166,0.0,0.0,3.5,1.1179999999999999,0.0,0.0,0.0,0.0,3.63,1.053,0.0,0.0,3.25,1.09,3.56,1.1159999999999999,0.0,0.0,0,0,0,231.5427,342.7127,18.90028,309.9614,4.304461,4.621904,50.0,50.0,0.5345420999999999,50.0,50.0,0,5,0,0,4,0,0,1,1,0,0,1,0.0,72,1,0
2633639480,0.0,0.0,3.83,1.344,0.0,0.0,3.94,1.268,0.0,0.0,3.61,1.5330000000000001,0.0,0.0,4.0,1.202,0.0,0.0,3.78,1.436,3.83,1.462,0.0,0.0,3.83,1.4240000000000002,0.0,0.0,0.0,0.0,4.06,1.177,0,1,0,215.1822,352.8412,6.2469019999999995,335.4102,2.413973,4.511237,50.0,50.0,2.0699389999999998,50.0,50.0,0,4,0,0,3,0,0,1,1,1,0,1,1.5176370000000001,74,0,1
2633639482,3.53,1.4080000000000001,0.0,0.0,3.4,1.143,0.0,0.0,3.6,1.3559999999999999,0.0,0.0,3.87,1.31,0.0,0.0,3.33,1.193,0.0,0.0,0.0,0.0,3.47,1.147,0.0,0.0,3.67,1.3,3.53,1.147,0.0,0.0,0,0,0,306.95,130.7045,340.9368,316.3377,2.190458,4.052429,50.0,50.0,1.108021,50.0,50.0,0,4,0,0,3,0,0,0,1,0,0,1,0.0,76,1,0
2633639483,3.39,1.208,0.0,0.0,3.67,1.291,0.0,0.0,3.56,1.301,0.0,0.0,3.5,1.3019999999999998,0.0,0.0,3.56,1.165,0.0,0.0,0.0,0.0,3.5,1.3019999999999998,0.0,0.0,3.39,1.253,3.39,1.297,0.0,0.0,1,0,0,115.8667,173.4024,1000.0,141.5498,4.59769,50.0,1.1148879999999999,50.0,2.408012,50.0,50.0,0,4,1,0,2,0,0,0,0,0,0,1,0.0,77,1,0
2633639484,3.53,1.4080000000000001,0.0,0.0,3.47,1.258,0.0,0.0,4.07,1.123,0.0,0.0,4.13,1.147,0.0,0.0,3.67,1.3,0.0,0.0,0.0,0.0,3.2,1.681,0.0,0.0,4.27,0.68,3.4,1.541,0.0,0.0,1,0,1,0.0,252.0,12.0,132.0,0.6247435,0.6247437,50.0,50.0,0.6247435,0.0,0.6247438,0,5,0,0,4,3,0,0,1,0,1,1,0.0,78,1,0
2633639486,0.0,0.0,3.27,1.389,0.0,0.0,3.53,1.36,0.0,0.0,3.6,1.405,0.0,0.0,3.8,1.376,0.0,0.0,3.6,1.405,3.6,1.3559999999999999,0.0,0.0,3.73,1.34,0.0,0.0,0.0,0.0,3.47,1.31,1,0,0,63.87283000000001,285.1428,278.4426,186.9498,4.584249,5.145231,50.0,50.0,2.0326419999999996,50.0,50.0,0,4,0,0,3,0,0,0,0,0,0,1,2.924771,80,0,1
2633639487,0.0,0.0,4.16,1.136,0.0,0.0,4.11,1.165,0.0,0.0,4.11,1.165,0.0,0.0,4.26,1.068,0.0,0.0,4.11,1.119,4.16,1.136,0.0,0.0,4.21,1.196,0.0,0.0,0.0,0.0,4.26,1.207,0,0,1,36.4485,1000.0,1000.0,278.5757,50.0,50.0,50.0,50.0,3.036234,50.0,50.0,0,2,0,0,1,0,0,0,0,0,0,1,1.431082,81,0,1
2633639488,0.0,0.0,3.87,1.31,0.0,0.0,3.87,1.204,0.0,0.0,4.0,1.155,0.0,0.0,3.93,1.236,0.0,0.0,3.93,1.123,4.2,1.046,0.0,0.0,3.6,1.3559999999999999,0.0,0.0,0.0,0.0,3.53,1.4080000000000001,0,1,1,0.0,132.0,12.0,252.0,0.7733958000000001,0.773396,50.0,50.0,0.7733956999999999,0.0,0.7733958000000001,0,7,0,0,6,3,0,0,1,0,1,1,2.247059,82,0,1
2633639489,0.0,0.0,3.73,1.094,0.0,0.0,3.73,1.162,0.0,0.0,3.73,1.162,0.0,0.0,3.81,1.177,0.0,0.0,3.81,1.075,3.81,1.177,0.0,0.0,3.77,1.12,0.0,0.0,0.0,0.0,3.73,1.195,0,0,0,118.9872,17.380020000000002,356.7608,344.848,2.982528,4.003986,50.0,50.0,2.542898,3.099482,0.9261655999999999,0,4,0,0,2,3,0,1,1,1,1,0,2.8539630000000002,83,0,1
2633639490,3.2,1.275,0.0,0.0,3.4,1.254,0.0,0.0,3.13,1.4080000000000001,0.0,0.0,3.4,1.3559999999999999,0.0,0.0,3.27,1.34,0.0,0.0,0.0,0.0,3.47,1.258,0.0,0.0,2.93,1.482,3.53,1.31,0.0,0.0,0,0,0,296.4614,105.55,155.336,168.9422,3.3177209999999997,5.35038,50.0,50.0,1.9591180000000001,50.0,50.0,0,4,0,0,3,0,0,0,0,0,0,0,0.0,84,1,0
2633639491,0.0,0.0,3.83,1.258,0.0,0.0,3.83,1.3840000000000001,0.0,0.0,3.83,1.3019999999999998,0.0,0.0,3.78,1.227,0.0,0.0,3.56,1.4609999999999999,3.89,1.197,0.0,0.0,3.72,1.2830000000000001,0.0,0.0,0.0,0.0,3.56,1.641,0,1,0,279.1089,26.52948,357.3381,17.02921,3.8147870000000004,4.008255,50.0,50.0,1.163059,4.754993,0.7737883000000001,0,6,0,0,5,3,1,1,1,1,1,0,1.669223,85,0,1
2633639492,0.0,0.0,2.87,1.5430000000000001,0.0,0.0,3.73,1.062,0.0,0.0,3.73,1.123,0.0,0.0,3.73,1.062,0.0,0.0,3.6,1.143,3.73,1.062,0.0,0.0,3.4,1.4969999999999999,0.0,0.0,0.0,0.0,3.33,1.3980000000000001,0,0,1,42.75945,263.5473,245.50900000000001,288.1502,1.278378,1.8892419999999999,50.0,50.0,0.7277083000000001,50.0,50.0,1,5,0,0,4,0,0,0,0,0,0,0,2.3383220000000002,86,0,1
2633639493,3.19,1.4669999999999999,0.0,0.0,3.33,1.515,0.0,0.0,3.22,1.449,0.0,0.0,3.19,1.492,0.0,0.0,3.33,1.466,0.0,0.0,0.0,0.0,3.33,1.4909999999999999,0.0,0.0,3.37,1.444,3.22,1.474,0.0,0.0,0,0,0,190.0215,17.20056,162.0852,184.1322,0.7500486,1.524979,0.9459434000000001,50.0,0.7317953,1.241103,0.5139222,0,7,1,0,5,3,0,1,0,0,0,0,0.0,87,1,0
2633639494,0.0,0.0,3.73,1.123,0.0,0.0,3.8,1.1079999999999999,0.0,0.0,3.67,1.193,0.0,0.0,3.53,1.31,0.0,0.0,3.47,1.258,3.8,1.1079999999999999,0.0,0.0,3.4,1.306,0.0,0.0,0.0,0.0,3.33,1.3,0,1,1,0.0,333.0,213.0,93.00001,0.9393725,0.9393727,50.0,50.0,0.9393725,0.0,0.9393726,0,6,0,0,2,3,2,1,0,0,1,1,2.1764799999999997,88,0,1
2633639495,0.0,0.0,3.2,1.222,0.0,0.0,3.0,1.265,0.0,0.0,3.0,1.4140000000000001,0.0,0.0,3.27,1.34,0.0,0.0,2.93,1.389,3.53,1.204,0.0,0.0,3.2,1.275,0.0,0.0,0.0,0.0,2.67,1.35,0,0,0,110.5996,9.630005,359.9694,350.3972,4.124832,5.256997,50.0,50.0,4.119565000000001,4.461848000000001,0.7951531,0,4,0,0,2,3,0,1,1,1,1,0,1.357993,89,0,1
2633639496,2.73,1.236,0.0,0.0,3.0,1.095,0.0,0.0,3.07,1.181,0.0,0.0,3.0,1.265,0.0,0.0,3.33,1.011,0.0,0.0,0.0,0.0,2.6,0.9520000000000001,0.0,0.0,3.4,1.2,2.67,0.943,0.0,0.0,1,1,1,0.0,125.0,215.0,35.0,0.869081,0.869081,50.0,50.0,0.869081,0.0,0.869081,0,6,0,0,5,4,0,0,0,1,1,1,0.0,90,1,0
2633639497,0.0,0.0,3.39,1.31,0.0,0.0,3.52,1.175,0.0,0.0,3.43,1.056,0.0,0.0,3.35,1.088,0.0,0.0,3.22,1.214,3.26,1.072,0.0,0.0,3.13,1.115,0.0,0.0,0.0,0.0,3.13,1.1540000000000001,1,1,1,0.0,349.0,79.00001,259.0,0.5685697,0.5685697,2.054049,50.0,0.5685697,0.0,0.5685697,1,6,1,0,1,4,0,1,0,0,1,1,1.75615,91,0,1
2633639498,3.8,1.222,0.0,0.0,3.93,1.123,0.0,0.0,3.8,1.275,0.0,0.0,3.67,1.35,0.0,0.0,3.73,1.34,0.0,0.0,0.0,0.0,3.87,1.147,0.0,0.0,4.07,1.123,3.87,1.147,0.0,0.0,0,0,1,42.25992,347.9546,125.7229,11.25992,1.585868,3.4331959999999997,50.0,50.0,1.033735,50.0,50.0,0,5,0,0,4,0,1,1,0,1,0,1,0.0,92,1,0
2633639501,3.5,1.072,0.0,0.0,3.7,0.9540000000000001,0.0,0.0,3.75,0.9940000000000001,0.0,0.0,3.6,1.068,0.0,0.0,3.75,0.9940000000000001,0.0,0.0,0.0,0.0,3.55,1.071,0.0,0.0,3.6,1.114,3.65,1.1079999999999999,0.0,0.0,1,1,0,229.4741,327.7408,64.50964,262.1575,2.977457,3.150339,3.968053,50.0,0.4569126,50.0,50.0,1,8,1,0,6,0,0,1,0,0,0,1,0.0,95,1,0
2633639502,0.0,0.0,3.5,1.275,0.0,0.0,3.81,1.13,0.0,0.0,3.25,1.601,0.0,0.0,3.75,1.146,0.0,0.0,3.75,1.09,3.94,1.0290000000000001,0.0,0.0,3.5,1.3230000000000002,0.0,0.0,0.0,0.0,3.5,1.3230000000000002,0,0,0,277.0039,32.82123,171.924,217.1777,1.303511,1.600566,50.0,1.600566,0.9832177,50.0,50.0,1,8,0,2,7,0,2,1,0,0,0,1,2.6989549999999998,96,0,1
2633639504,0.0,0.0,3.53,1.258,0.0,0.0,3.6,1.143,0.0,0.0,3.6,1.2,0.0,0.0,3.47,1.4080000000000001,0.0,0.0,3.67,1.135,3.73,1.236,0.0,0.0,3.4,1.405,0.0,0.0,0.0,0.0,3.53,1.4080000000000001,0,0,0,168.1731,205.0756,155.6318,175.0168,1.227395,1.363073,50.0,1.488916,0.7863751,1.352554,0.5732354000000001,0,9,0,2,8,5,0,0,0,0,0,0,0.6649731,98,0,1
2633639505,0.0,0.0,3.33,1.66,0.0,0.0,4.07,1.2890000000000001,0.0,0.0,4.0,1.3659999999999999,0.0,0.0,3.8,1.376,0.0,0.0,4.0,1.2109999999999999,3.67,1.4909999999999999,0.0,0.0,3.4,1.5830000000000002,0.0,0.0,0.0,0.0,3.33,1.619,1,1,1,0.0,256.0,112.0,39.999990000000004,0.8220780999999999,0.8220781999999999,50.0,50.0,0.8220780999999999,0.0,0.8220780999999999,0,6,0,0,0,5,0,0,0,1,1,1,2.5245130000000002,99,0,1
2642891388,0.0,0.0,3.67,1.445,0.0,0.0,3.33,1.578,0.0,0.0,3.6,1.4969999999999999,0.0,0.0,3.53,1.5859999999999999,0.0,0.0,3.2,1.558,3.4,1.5830000000000002,0.0,0.0,3.67,1.445,0.0,0.0,0.0,0.0,3.47,1.454,0,0,0,1000.0,1000.0,1000.0,346.4927,50.0,50.0,50.0,50.0,3.560507,50.0,50.0,0,2,0,0,1,0,1,0,0,1,0,0,1.849749,100,0,1
2642891389,3.13,1.31,0.0,0.0,3.27,1.482,0.0,0.0,3.07,1.482,0.0,0.0,3.27,1.526,0.0,0.0,3.07,1.482,0.0,0.0,0.0,0.0,3.07,1.34,0.0,0.0,2.67,1.445,2.93,1.482,0.0,0.0,0,1,0,125.994,198.2988,167.747,164.3139,1.3857270000000002,2.0500540000000003,50.0,50.0,1.2717889999999998,1.659504,0.5545515000000001,1,7,0,0,6,4,0,0,0,0,0,0,0.0,101,1,0
2642891390,0.0,0.0,3.4,1.665,0.0,0.0,3.07,1.652,0.0,0.0,3.13,1.7069999999999999,0.0,0.0,3.07,1.652,0.0,0.0,3.13,1.7069999999999999,3.33,1.578,0.0,0.0,3.4,1.4969999999999999,0.0,0.0,0.0,0.0,3.47,1.5430000000000001,0,0,0,107.3449,231.9038,244.4013,289.9178,1.5609549999999999,2.908482,50.0,50.0,1.465075,50.0,50.0,0,4,0,0,3,0,0,0,0,0,0,0,1.438986,102,0,1
2642891391,0.0,0.0,2.53,1.7069999999999999,0.0,0.0,2.93,1.652,0.0,0.0,2.93,1.652,0.0,0.0,2.8,1.514,0.0,0.0,2.87,1.6280000000000001,2.53,1.5430000000000001,0.0,0.0,2.67,1.4909999999999999,0.0,0.0,0.0,0.0,2.53,1.5859999999999999,0,1,0,139.247,331.4366,74.79561,261.9161,0.8837691999999999,3.503537,50.0,50.0,0.5693552,50.0,50.0,0,4,0,0,3,0,0,1,0,0,0,0,1.7889119999999998,103,0,1
2642891392,0.0,0.0,3.0,1.713,0.0,0.0,2.93,1.652,0.0,0.0,2.87,1.7069999999999999,0.0,0.0,2.93,1.652,0.0,0.0,2.8,1.72,3.0,1.633,0.0,0.0,2.67,1.619,0.0,0.0,0.0,0.0,2.73,1.569,0,0,0,273.5995,34.20279,1000.0,336.473,5.542717,50.0,50.0,50.0,0.9166773000000001,50.0,50.0,0,3,0,0,2,0,0,1,0,1,0,0,2.595422,104,0,1
2642891393,0.0,0.0,2.73,1.806,0.0,0.0,3.27,1.652,0.0,0.0,3.2,1.681,0.0,0.0,3.27,1.652,0.0,0.0,3.13,1.746,3.13,1.6280000000000001,0.0,0.0,2.6,1.665,0.0,0.0,0.0,0.0,2.67,1.619,1,0,1,30.647609999999997,198.7459,122.4414,230.0481,1.175424,2.483966,50.0,50.0,0.9891798,50.0,50.0,0,7,0,0,6,0,2,0,0,0,0,0,1.92179,105,0,1
2642891394,2.47,1.7069999999999999,0.0,0.0,2.53,1.5430000000000001,0.0,0.0,2.53,1.6680000000000001,0.0,0.0,2.47,1.5859999999999999,0.0,0.0,2.53,1.6680000000000001,0.0,0.0,0.0,0.0,2.2,1.4240000000000002,0.0,0.0,2.87,1.5430000000000001,2.13,1.5859999999999999,0.0,0.0,1,1,1,0.0,127.0,247.0,7.0,0.5669014,0.5669014,50.0,50.0,0.5669012,0.0,0.5669012,0,5,0,0,4,3,0,0,0,1,1,1,0.0,106,1,0
2642891395,0.0,0.0,2.47,1.31,0.0,0.0,2.67,1.35,0.0,0.0,2.6,1.405,0.0,0.0,2.67,1.35,0.0,0.0,2.33,1.247,2.53,1.31,0.0,0.0,2.4,1.143,0.0,0.0,0.0,0.0,2.27,1.236,0,0,0,107.3913,200.5011,178.2011,160.4549,1.494979,2.189204,50.0,50.0,1.359604,1.623227,0.5690632,0,4,0,0,1,3,0,0,0,0,0,0,1.4223620000000001,107,0,1
2642891396,0.0,0.0,2.47,1.6280000000000001,0.0,0.0,3.27,1.692,0.0,0.0,3.27,1.692,0.0,0.0,2.93,1.569,0.0,0.0,3.07,1.652,2.67,1.619,0.0,0.0,2.27,1.692,0.0,0.0,0.0,0.0,2.27,1.692,1,0,1,0.0,188.0,308.0,67.99999,0.7576411,0.7576413000000001,50.0,50.0,0.7576411,0.0,0.7576411999999999,0,4,0,0,0,3,0,0,0,0,1,1,0.9434671999999998,108,0,1
2642891397,0.0,0.0,2.8,1.7590000000000001,0.0,0.0,3.4,1.4969999999999999,0.0,0.0,3.4,1.4969999999999999,0.0,0.0,3.47,1.454,0.0,0.0,3.33,1.578,3.0,1.633,0.0,0.0,2.67,1.619,0.0,0.0,0.0,0.0,2.6,1.665,0,0,0,243.8992,358.6063,137.4757,145.8992,1.275952,1.453886,2.741198,4.632679,0.5431391999999999,50.0,50.0,0,10,1,2,8,0,0,1,0,0,0,1,0.6785180000000001,109,0,1
2642891398,2.67,1.619,0.0,0.0,3.2,1.47,0.0,0.0,3.4,1.405,0.0,0.0,3.27,1.34,0.0,0.0,2.93,1.526,0.0,0.0,0.0,0.0,2.67,1.445,0.0,0.0,3.27,1.526,2.87,1.5430000000000001,0.0,0.0,0,1,1,31.86325,46.622690000000006,129.9281,164.3875,1.832036,2.5956069999999998,50.0,50.0,1.090332,50.0,50.0,1,6,0,0,5,0,1,0,0,0,0,1,0.0,110,1,0
2642891399,0.0,0.0,2.47,1.5430000000000001,0.0,0.0,2.8,1.376,0.0,0.0,3.07,1.389,0.0,0.0,3.33,1.193,0.0,0.0,2.67,1.35,2.93,1.2890000000000001,0.0,0.0,2.33,1.247,0.0,0.0,0.0,0.0,2.33,1.3,0,0,0,226.6556,94.45385,121.8237,113.5573,2.1778150000000003,3.27372,50.0,50.0,2.008927,50.0,50.0,1,7,0,0,6,0,0,0,0,0,0,1,2.419798,111,0,1
2642891400,2.27,1.436,0.0,0.0,2.33,1.4909999999999999,0.0,0.0,2.33,1.4909999999999999,0.0,0.0,2.33,1.4909999999999999,0.0,0.0,2.2,1.4240000000000002,0.0,0.0,0.0,0.0,3.0,1.4609999999999999,0.0,0.0,2.27,1.389,3.0,1.4609999999999999,0.0,0.0,1,0,0,113.3797,266.5277,285.4769,297.4576,5.209882,5.873621,50.0,50.0,2.790582,50.0,50.0,0,4,0,0,3,0,0,0,0,0,0,1,0.0,112,1,0
2642891401,0.0,0.0,2.6,1.665,0.0,0.0,2.6,1.541,0.0,0.0,2.67,1.619,0.0,0.0,2.53,1.5,0.0,0.0,2.53,1.6280000000000001,2.8,1.4240000000000002,0.0,0.0,2.67,1.445,0.0,0.0,0.0,0.0,2.87,1.5,0,0,0,144.4627,78.85126,211.7992,91.06367,1.849272,2.477596,50.0,1.849272,0.4604577,50.0,50.0,0,6,0,2,5,0,0,0,0,0,0,1,1.605966,113,0,1
2642891402,0.0,0.0,2.67,1.7380000000000002,0.0,0.0,3.13,1.784,0.0,0.0,3.13,1.784,0.0,0.0,2.73,1.611,0.0,0.0,2.93,1.7309999999999999,2.67,1.535,0.0,0.0,2.33,1.7,0.0,0.0,0.0,0.0,2.33,1.7,1,1,1,0.0,21.99999,142.0,262.0,0.5184837999999999,0.5184837999999999,50.0,50.0,0.5184835999999999,0.0,0.5184837999999999,0,5,0,0,4,3,0,1,0,0,1,1,2.066863,114,0,1
2642891403,0.0,0.0,2.67,1.578,0.0,0.0,2.8,1.6,0.0,0.0,2.8,1.6,0.0,0.0,2.87,1.5859999999999999,0.0,0.0,2.8,1.6,3.13,1.5430000000000001,0.0,0.0,2.53,1.454,0.0,0.0,0.0,0.0,2.6,1.405,0,1,1,22.238429999999997,196.364,165.6832,98.79751999999999,1.321934,2.371198,50.0,0.8826533999999999,0.8826533999999999,2.9826639999999998,0.9017715000000001,0,7,0,1,6,4,0,0,0,0,0,0,1.138679,115,0,1
2642891404,0.0,0.0,3.0,1.3659999999999999,0.0,0.0,3.2,1.327,0.0,0.0,3.53,1.258,0.0,0.0,3.67,1.3,0.0,0.0,3.13,1.36,3.4,1.405,0.0,0.0,3.2,1.222,0.0,0.0,0.0,0.0,3.0,1.3659999999999999,1,0,0,99.72946,352.491,357.1013,281.4321,3.677996,4.290355,50.0,50.0,2.581449,50.0,50.0,0,5,0,0,4,0,1,1,1,0,0,0,2.4980689999999997,116,0,1
2642891405,3.8,1.327,0.0,0.0,3.27,1.611,0.0,0.0,3.53,1.5430000000000001,0.0,0.0,3.73,1.482,0.0,0.0,3.27,1.611,0.0,0.0,0.0,0.0,3.73,1.482,0.0,0.0,2.6,1.781,3.93,1.2890000000000001,0.0,0.0,0,0,0,113.5987,1000.0,1000.0,114.9281,50.0,50.0,50.0,50.0,1.581053,50.0,50.0,0,2,0,0,1,0,0,0,0,0,0,0,0.0,117,1,0
2642891406,2.93,1.692,0.0,0.0,2.67,1.619,0.0,0.0,3.0,1.713,0.0,0.0,2.67,1.535,0.0,0.0,2.73,1.692,0.0,0.0,0.0,0.0,2.93,1.611,0.0,0.0,2.67,1.619,3.0,1.673,0.0,0.0,0,0,0,235.8668,1000.0,1000.0,50.26808,50.0,50.0,50.0,50.0,0.9108476999999999,50.0,50.0,1,2,0,0,1,0,0,0,0,0,0,0,0.0,118,1,0
2642891407,0.0,0.0,3.27,1.692,0.0,0.0,2.87,1.6680000000000001,0.0,0.0,3.0,1.713,0.0,0.0,2.93,1.652,0.0,0.0,2.93,1.7309999999999999,3.2,1.6,0.0,0.0,3.33,1.4909999999999999,0.0,0.0,0.0,0.0,3.47,1.5430000000000001,0,0,1,31.670240000000003,8.633286,1000.0,14.803479999999999,3.1703259999999998,50.0,50.0,50.0,2.62261,50.0,50.0,0,3,0,0,2,0,0,1,0,1,0,0,2.2936400000000003,119,0,1
2642891408,0.0,0.0,2.93,1.8430000000000002,0.0,0.0,3.13,1.7069999999999999,0.0,0.0,3.27,1.7690000000000001,0.0,0.0,3.13,1.7069999999999999,0.0,0.0,3.07,1.8430000000000002,3.2,1.641,0.0,0.0,2.87,1.7069999999999999,0.0,0.0,0.0,0.0,2.93,1.7690000000000001,0,0,1,351.903,1000.0,1000.0,354.403,50.0,50.0,1.355178,50.0,0.8580336,50.0,50.0,0,3,1,0,1,0,0,0,0,1,0,0,1.392464,120,0,1
2642891409,0.0,0.0,3.13,1.5859999999999999,0.0,0.0,3.13,1.5859999999999999,0.0,0.0,3.07,1.569,0.0,0.0,3.2,1.47,0.0,0.0,3.07,1.482,3.33,1.4909999999999999,0.0,0.0,3.13,1.5,0.0,0.0,0.0,0.0,2.93,1.526,0,0,0,113.4827,3.401672,38.69308,12.57965,2.4755119999999997,4.885056,50.0,50.0,2.376822,50.0,50.0,0,5,0,0,4,0,0,1,1,1,0,0,0.5449193,121,0,1
2642891410,3.4,1.405,0.0,0.0,3.27,1.436,0.0,0.0,3.33,1.445,0.0,0.0,3.47,1.454,0.0,0.0,3.27,1.436,0.0,0.0,0.0,0.0,3.8,1.327,0.0,0.0,2.73,1.7309999999999999,3.73,1.34,0.0,0.0,0,0,0,179.9539,208.3819,57.71774,248.6492,1.715025,3.086191,50.0,1.38865,1.38865,50.0,50.0,0,5,0,1,4,0,0,0,0,0,0,0,0.0,122,1,0
2642891411,0.0,0.0,3.07,1.692,0.0,0.0,3.33,1.535,0.0,0.0,3.27,1.611,0.0,0.0,3.27,1.611,0.0,0.0,3.33,1.66,3.33,1.66,0.0,0.0,2.8,1.681,0.0,0.0,0.0,0.0,2.8,1.681,0,0,0,315.8753,260.3073,1000.0,343.9214,3.512707,50.0,4.403117,50.0,0.6607898,50.0,50.0,0,4,1,0,2,0,0,0,0,1,0,0,1.764562,123,0,1
2642891412,0.0,0.0,3.0,1.5490000000000002,0.0,0.0,2.87,1.7069999999999999,0.0,0.0,2.87,1.7069999999999999,0.0,0.0,2.93,1.692,0.0,0.0,2.87,1.7069999999999999,3.13,1.5430000000000001,0.0,0.0,3.53,1.6280000000000001,0.0,0.0,0.0,0.0,3.47,1.5859999999999999,0,0,0,1000.0,1000.0,1000.0,1000.0,50.0,50.0,50.0,50.0,50.0,50.0,50.0,0,1,0,0,0,0,0,0,0,0,0,0,0.8626171,124,0,1
2642891413,0.0,0.0,3.0,1.633,0.0,0.0,2.67,1.66,0.0,0.0,2.67,1.66,0.0,0.0,2.73,1.692,0.0,0.0,2.6,1.665,3.07,1.569,0.0,0.0,3.4,1.5830000000000002,0.0,0.0,0.0,0.0,3.4,1.5830000000000002,0,0,1,344.7545,1000.0,1000.0,95.49324,50.0,50.0,50.0,50.0,6.094883,50.0,50.0,1,2,0,0,1,0,0,0,0,0,0,0,1.44181,125,0,1
2642891414,0.0,0.0,2.8,1.7590000000000001,0.0,0.0,3.33,1.578,0.0,0.0,3.33,1.578,0.0,0.0,3.33,1.578,0.0,0.0,3.27,1.652,2.87,1.7069999999999999,0.0,0.0,2.27,1.611,0.0,0.0,0.0,0.0,2.27,1.611,1,0,1,0.0,42.0,162.0,282.0,0.6873791,0.6873792,50.0,50.0,0.6873791,0.0,0.6873791,0,8,0,0,7,3,2,1,0,0,1,1,1.53817,126,0,1
2642891415,0.0,0.0,2.67,1.578,0.0,0.0,3.13,1.6680000000000001,0.0,0.0,3.13,1.6680000000000001,0.0,0.0,3.2,1.6,0.0,0.0,3.07,1.692,2.87,1.6280000000000001,0.0,0.0,2.53,1.5430000000000001,0.0,0.0,0.0,0.0,2.4,1.5830000000000002,0,1,1,0.0,193.0,73.0,313.0,0.9514865,0.9514868000000001,3.7639720000000003,50.0,0.9514864,0.0,0.9514865,0,5,1,0,2,3,0,0,0,0,1,1,2.154204,127,0,1
2642891416,0.0,0.0,2.8,1.6,0.0,0.0,3.47,1.454,0.0,0.0,3.4,1.405,0.0,0.0,3.2,1.4240000000000002,0.0,0.0,3.2,1.558,3.13,1.4080000000000001,0.0,0.0,2.93,1.526,0.0,0.0,0.0,0.0,2.8,1.641,1,0,1,0.0,333.0,93.00001999999999,213.0,0.9405818000000001,0.9405818000000001,50.0,50.0,0.9405815999999999,0.0,0.9405818000000001,0,7,0,0,6,3,0,1,0,0,1,1,0.7348465000000001,128,0,1
2642891417,2.33,1.7380000000000002,0.0,0.0,3.07,1.569,0.0,0.0,3.33,1.66,0.0,0.0,3.0,1.633,0.0,0.0,2.67,1.7,0.0,0.0,0.0,0.0,2.13,1.5859999999999999,0.0,0.0,3.73,1.569,2.07,1.611,0.0,0.0,1,0,1,0.0,11.0,131.0,251.0,0.929933,0.929933,50.0,50.0,0.9299329,0.0,0.929933,0,6,0,0,5,3,0,1,0,0,1,1,0.0,129,1,0
2642891418,0.0,0.0,2.73,1.389,0.0,0.0,3.0,1.317,0.0,0.0,2.93,1.34,0.0,0.0,2.8,1.376,0.0,0.0,3.0,1.3659999999999999,2.8,1.327,0.0,0.0,2.8,1.47,0.0,0.0,0.0,0.0,2.8,1.47,1,0,1,0.0,316.0,196.0,76.0,0.551779,0.5517791999999999,2.5840349999999996,2.3541060000000003,0.551779,0.0,0.5517791,0,6,1,1,3,3,0,0,0,0,1,1,2.02973,130,0,1
2642891419,3.0,1.3659999999999999,0.0,0.0,3.13,1.147,0.0,0.0,3.27,1.123,0.0,0.0,2.87,1.258,0.0,0.0,2.87,1.31,0.0,0.0,0.0,0.0,3.07,1.34,0.0,0.0,3.13,1.258,2.8,1.275,0.0,0.0,1,0,1,0.0,213.0,92.99999,333.0,0.6053968000000001,0.6053969,50.0,50.0,0.6053967,0.0,0.6053967,0,4,0,0,2,3,0,0,0,1,1,1,0.0,131,1,0
2642891420,2.4,1.4509999999999998,0.0,0.0,2.53,1.454,0.0,0.0,2.6,1.4509999999999998,0.0,0.0,2.53,1.454,0.0,0.0,2.53,1.454,0.0,0.0,0.0,0.0,2.4,1.4969999999999999,0.0,0.0,3.4,1.4969999999999999,2.33,1.445,0.0,0.0,1,1,1,0.0,13.999989999999999,134.0,254.0,0.5428071999999999,0.5428071999999999,50.0,50.0,0.5428071,0.0,0.5428071999999999,0,4,0,0,2,3,0,1,0,0,1,1,0.0,132,1,0
2642891421,0.0,0.0,2.93,1.34,0.0,0.0,3.2,1.222,0.0,0.0,3.13,1.204,0.0,0.0,3.07,1.2890000000000001,0.0,0.0,3.07,1.2890000000000001,3.0,1.3659999999999999,0.0,0.0,3.27,1.389,0.0,0.0,0.0,0.0,3.13,1.36,0,1,0,177.9218,148.8144,196.2705,179.1765,1.159666,1.732925,50.0,1.159666,0.8436681,1.397208,0.5537599,1,6,0,2,2,3,0,0,0,0,0,0,1.789364,133,0,1
2642891422,2.93,1.436,0.0,0.0,2.8,1.327,0.0,0.0,3.07,1.436,0.0,0.0,2.73,1.389,0.0,0.0,2.8,1.376,0.0,0.0,0.0,0.0,2.73,1.389,0.0,0.0,3.67,1.35,2.67,1.3980000000000001,0.0,0.0,1,0,1,332.5403,300.6246,0.9159241,7.9805600000000005,0.9576082,1.342023,50.0,50.0,0.4771665,50.0,50.0,0,7,0,0,6,0,0,0,1,1,0,0,0.0,134,1,0
2642891423,0.0,0.0,2.67,1.193,0.0,0.0,2.87,1.31,0.0,0.0,2.93,1.389,0.0,0.0,2.8,1.275,0.0,0.0,2.73,1.236,2.8,1.327,0.0,0.0,2.53,1.31,0.0,0.0,0.0,0.0,2.47,1.258,1,0,1,0.0,217.0,337.0,97.00001,0.7582579,0.758258,50.0,50.0,0.7582579,0.0,0.758258,0,7,0,0,6,3,1,0,1,0,1,1,0.7469623000000001,135,0,1
2642891424,2.87,1.5430000000000001,0.0,0.0,3.07,1.436,0.0,0.0,2.93,1.482,0.0,0.0,2.73,1.482,0.0,0.0,2.93,1.482,0.0,0.0,0.0,0.0,2.8,1.4240000000000002,0.0,0.0,3.67,1.445,2.8,1.4240000000000002,0.0,0.0,0,0,0,46.888659999999994,357.9922,16.11263,181.1952,1.150087,2.249012,3.180614,2.629308,0.6346189,1.8468360000000001,0.6986175,0,7,1,1,5,3,0,1,1,0,1,0,0.0,136,1,0
2642891425,0.0,0.0,3.6,1.306,0.0,0.0,2.93,1.181,0.0,0.0,3.67,1.135,0.0,0.0,3.27,0.998,0.0,0.0,2.8,1.166,3.2,1.275,0.0,0.0,3.13,1.36,0.0,0.0,0.0,0.0,2.87,1.4080000000000001,1,0,0,244.5523,190.8791,168.1972,121.6288,3.962475,4.156314,50.0,50.0,1.778884,4.441157,0.9282690999999998,0,5,0,0,2,3,1,0,0,0,0,0,2.233784,137,0,1
2642891426,2.93,1.526,0.0,0.0,3.07,1.482,0.0,0.0,3.07,1.482,0.0,0.0,2.93,1.482,0.0,0.0,3.07,1.482,0.0,0.0,0.0,0.0,3.2,1.641,0.0,0.0,3.27,1.436,2.93,1.652,0.0,0.0,0,0,0,219.4821,54.76428000000001,281.2148,23.180039999999998,1.934928,3.222178,50.0,50.0,1.778761,50.0,50.0,0,5,0,0,4,0,1,0,0,1,0,0,0.0,138,1,0
2642891428,0.0,0.0,2.87,1.5430000000000001,0.0,0.0,2.93,1.482,0.0,0.0,3.0,1.506,0.0,0.0,2.73,1.389,0.0,0.0,2.93,1.526,3.07,1.526,0.0,0.0,2.8,1.558,0.0,0.0,0.0,0.0,2.8,1.558,0,0,0,298.5357,168.3966,357.8927,20.77042,0.6957451,0.8966924000000001,50.0,50.0,0.5048603,50.0,50.0,0,4,0,0,3,0,0,0,1,1,0,0,1.3043930000000001,140,0,1
2642891429,3.73,1.482,0.0,0.0,3.4,1.625,0.0,0.0,3.4,1.625,0.0,0.0,3.67,1.535,0.0,0.0,3.4,1.625,0.0,0.0,0.0,0.0,3.8,1.47,0.0,0.0,2.6,1.625,3.53,1.5859999999999999,0.0,0.0,0,0,0,1000.0,1000.0,1000.0,1000.0,50.0,50.0,50.0,50.0,50.0,50.0,50.0,0,1,0,0,0,0,0,0,0,0,0,0,0.0,141,1,0
2642891430,3.27,1.692,0.0,0.0,3.27,1.692,0.0,0.0,3.13,1.7069999999999999,0.0,0.0,3.27,1.692,0.0,0.0,3.2,1.641,0.0,0.0,0.0,0.0,3.67,1.578,0.0,0.0,2.47,1.821,3.4,1.665,0.0,0.0,0,0,1,324.3499,184.1288,173.1336,108.3686,3.5874550000000003,3.742403,50.0,50.0,3.378967,4.132518,0.6115904000000001,0,7,0,0,6,5,0,0,0,0,0,0,0.0,142,1,0
2642891431,0.0,0.0,3.13,1.147,0.0,0.0,3.2,1.166,0.0,0.0,3.47,1.024,0.0,0.0,3.4,1.2,0.0,0.0,3.2,1.376,2.87,1.36,0.0,0.0,3.07,1.34,0.0,0.0,0.0,0.0,2.8,1.327,0,0,0,208.8151,161.6292,198.2928,189.2557,2.180279,2.760664,50.0,50.0,1.804254,2.5975639999999998,0.8668210999999999,1,7,0,0,6,5,0,0,0,0,0,0,2.8131310000000003,143,0,1
2642891434,0.0,0.0,3.67,1.35,0.0,0.0,3.6,1.4969999999999999,0.0,0.0,3.6,1.4969999999999999,0.0,0.0,3.6,1.4969999999999999,0.0,0.0,3.53,1.5,3.53,1.6280000000000001,0.0,0.0,3.8,1.514,0.0,0.0,0.0,0.0,3.8,1.514,0,0,0,93.45306,303.1203,28.01465,4.187805,3.095618,3.3715559999999996,50.0,50.0,1.7035919999999998,50.0,50.0,0,6,0,0,5,0,2,0,1,1,0,0,1.7881799999999999,146,0,1
2642891435,2.53,1.5,0.0,0.0,3.2,1.47,0.0,0.0,3.07,1.482,0.0,0.0,2.8,1.47,0.0,0.0,3.13,1.454,0.0,0.0,0.0,0.0,3.07,1.482,0.0,0.0,3.8,1.376,2.8,1.47,0.0,0.0,1,1,1,0.0,17.0,107.0,287.0,0.7339939,0.7339939999999999,50.0,4.062857,0.7339935000000001,0.0,0.7339939,0,7,0,1,6,4,0,1,0,0,1,1,0.0,147,1,0
2642891436,0.0,0.0,3.13,1.4080000000000001,0.0,0.0,3.27,1.34,0.0,0.0,3.13,1.31,0.0,0.0,3.13,1.36,0.0,0.0,3.13,1.36,3.33,1.445,0.0,0.0,3.33,1.445,0.0,0.0,0.0,0.0,3.2,1.4240000000000002,0,0,0,293.2942,145.9659,140.3689,176.2942,3.541238,3.9962739999999997,50.0,50.0,0.9349091,50.0,50.0,0,7,0,0,6,0,0,0,0,0,0,1,0.9932284,148,0,1
2642891437,0.0,0.0,2.8,1.47,0.0,0.0,2.8,1.4240000000000002,0.0,0.0,2.8,1.4240000000000002,0.0,0.0,2.8,1.47,0.0,0.0,2.53,1.4080000000000001,2.67,1.4909999999999999,0.0,0.0,2.47,1.454,0.0,0.0,0.0,0.0,2.33,1.35,0,0,1,0.0,307.0,187.0,67.0,0.7078501,0.7078502,50.0,50.0,0.70785,0.0,0.7078502,0,5,0,0,4,3,0,0,0,0,1,1,0.8226438,149,0,1
2648829172,0.0,0.0,3.73,1.389,0.0,0.0,2.73,1.611,0.0,0.0,2.53,1.6280000000000001,0.0,0.0,2.67,1.619,0.0,0.0,2.73,1.692,2.6,1.665,0.0,0.0,2.2,1.47,0.0,0.0,0.0,0.0,2.67,1.578,0,0,0,233.9413,190.03900000000002,284.4183,174.9413,1.840798,2.21492,2.855697,50.0,0.7805883000000001,50.0,50.0,1,7,1,0,5,0,0,0,0,0,0,0,1.679717,150,0,1
2648829173,2.07,1.2890000000000001,0.0,0.0,2.13,1.204,0.0,0.0,2.13,1.31,0.0,0.0,2.07,1.181,0.0,0.0,2.2,1.327,0.0,0.0,0.0,0.0,2.0,1.155,0.0,0.0,2.53,1.454,2.27,1.34,0.0,0.0,1,0,0,261.0885,108.43799999999999,256.125,352.1472,1.285768,3.3258769999999998,50.0,50.0,0.4938576,50.0,50.0,0,4,0,0,3,0,0,0,0,1,0,0,0.0,151,1,0
2648829174,2.47,1.6680000000000001,0.0,0.0,2.33,1.578,0.0,0.0,2.4,1.665,0.0,0.0,2.33,1.578,0.0,0.0,2.4,1.665,0.0,0.0,0.0,0.0,2.33,1.578,0.0,0.0,2.33,1.578,2.4,1.665,0.0,0.0,0,0,0,267.7946,70.36343000000001,36.867979999999996,317.4153,1.053341,4.260739,50.0,50.0,0.9473286,50.0,50.0,0,5,0,0,4,0,1,0,1,0,0,0,0.0,152,1,0
2648829175,0.0,0.0,3.47,1.784,0.0,0.0,3.4,1.855,0.0,0.0,3.4,1.855,0.0,0.0,3.47,1.784,0.0,0.0,3.47,1.784,3.53,1.821,0.0,0.0,3.6,1.744,0.0,0.0,0.0,0.0,3.6,1.744,0,0,0,102.6956,1000.0,1000.0,5.448273,50.0,50.0,50.0,50.0,4.479825,50.0,50.0,0,2,0,0,1,0,0,0,0,1,0,0,2.47594,153,0,1
2648829176,0.0,0.0,3.07,1.806,0.0,0.0,2.87,1.893,0.0,0.0,3.0,1.8969999999999998,0.0,0.0,2.93,1.879,0.0,0.0,2.87,1.893,2.87,1.893,0.0,0.0,2.87,1.893,0.0,0.0,0.0,0.0,3.07,1.8430000000000002,0,0,1,19.93231,0.5780029000000001,1000.0,52.23672,3.916807,50.0,50.0,50.0,3.0954900000000003,50.0,50.0,0,3,0,0,2,0,0,1,0,0,0,0,2.14182,154,0,1
2648829177,0.0,0.0,3.6,1.541,0.0,0.0,3.13,1.6680000000000001,0.0,0.0,3.2,1.72,0.0,0.0,3.13,1.6680000000000001,0.0,0.0,3.2,1.72,3.13,1.6680000000000001,0.0,0.0,3.13,1.6680000000000001,0.0,0.0,0.0,0.0,3.33,1.578,0,0,0,55.913940000000004,191.6283,160.9816,243.1328,2.4182349999999997,3.837013,50.0,50.0,1.7664990000000003,50.0,50.0,0,5,0,0,4,0,2,0,0,0,0,0,1.991134,155,0,1
2648829178,0.0,0.0,3.13,1.5430000000000001,0.0,0.0,2.8,1.558,0.0,0.0,2.8,1.558,0.0,0.0,2.73,1.569,0.0,0.0,2.8,1.558,2.73,1.569,0.0,0.0,2.73,1.569,0.0,0.0,0.0,0.0,2.73,1.569,0,1,1,4.201904,315.1041,182.9114,227.6413,1.374676,1.6506869999999998,50.0,50.0,1.321412,50.0,50.0,0,7,0,0,6,0,2,0,0,0,0,0,1.25189,156,0,1
2648829179,0.0,0.0,2.87,1.6680000000000001,0.0,0.0,2.4,1.5830000000000002,0.0,0.0,2.47,1.5859999999999999,0.0,0.0,2.4,1.5830000000000002,0.0,0.0,2.33,1.578,2.53,1.7069999999999999,0.0,0.0,2.33,1.578,0.0,0.0,0.0,0.0,2.33,1.578,0,0,0,83.83447,231.1402,1000.0,190.3624,2.486822,50.0,50.0,50.0,2.366923,50.0,50.0,0,3,0,0,2,0,0,0,0,0,0,0,2.7646990000000002,157,0,1
2648829180,0.0,0.0,3.2,1.796,0.0,0.0,2.33,1.619,0.0,0.0,2.4,1.705,0.0,0.0,2.27,1.611,0.0,0.0,2.33,1.7,2.27,1.611,0.0,0.0,2.2,1.641,0.0,0.0,0.0,0.0,2.27,1.7309999999999999,1,0,0,262.6365,272.0931,269.2985,319.802,3.229892,4.388566,50.0,50.0,0.7381123,50.0,50.0,0,5,0,0,4,0,0,0,0,0,0,0,1.457814,158,0,1
2648829181,0.0,0.0,3.2,1.681,0.0,0.0,3.07,1.652,0.0,0.0,3.13,1.7069999999999999,0.0,0.0,2.93,1.611,0.0,0.0,3.0,1.673,3.0,1.673,0.0,0.0,3.0,1.673,0.0,0.0,0.0,0.0,3.07,1.7309999999999999,0,0,0,234.6073,342.4438,186.9094,36.97084,1.180217,1.694323,50.0,50.0,1.095308,50.0,50.0,0,8,0,0,7,0,2,1,0,1,0,0,1.021982,159,0,1
2648829182,3.67,1.7,0.0,0.0,3.13,1.7069999999999999,0.0,0.0,3.2,1.7590000000000001,0.0,0.0,3.13,1.784,0.0,0.0,3.07,1.7309999999999999,0.0,0.0,0.0,0.0,3.13,1.784,0.0,0.0,3.13,1.784,3.07,1.7309999999999999,0.0,0.0,0,0,0,214.9928,38.55073,1000.0,308.4469,2.80919,50.0,50.0,50.0,1.647489,50.0,50.0,0,3,0,0,2,0,0,1,0,0,0,0,0.0,160,1,0
2648829183,0.0,0.0,3.07,1.806,0.0,0.0,2.6,1.744,0.0,0.0,2.67,1.814,0.0,0.0,2.6,1.744,0.0,0.0,2.6,1.744,2.6,1.744,0.0,0.0,2.53,1.6680000000000001,0.0,0.0,0.0,0.0,2.6,1.744,1,0,0,114.28,172.2545,186.33599999999998,216.2872,3.624725,4.187982,50.0,50.0,1.1880600000000001,50.0,50.0,0,6,0,0,5,0,0,0,0,0,0,0,0.9480267,161,0,1
2648829184,0.0,0.0,2.67,1.814,0.0,0.0,2.67,1.814,0.0,0.0,2.67,1.814,0.0,0.0,2.67,1.814,0.0,0.0,2.67,1.814,2.93,1.8430000000000002,0.0,0.0,2.93,1.8430000000000002,0.0,0.0,0.0,0.0,2.93,1.8430000000000002,0,0,0,240.6281,308.5367,1000.0,281.3481,5.672211,50.0,50.0,4.101646,4.101646,50.0,50.0,0,3,0,2,2,0,0,0,0,0,0,0,0.6021865,162,0,1
2648829185,0.0,0.0,2.87,1.821,0.0,0.0,2.93,1.8430000000000002,0.0,0.0,2.93,1.8430000000000002,0.0,0.0,2.93,1.8430000000000002,0.0,0.0,2.93,1.8430000000000002,3.13,1.893,0.0,0.0,3.13,1.893,0.0,0.0,0.0,0.0,3.13,1.893,0,0,0,259.1347,304.4843,248.1046,225.5066,2.144621,2.8046,1.534274,50.0,2.079225,50.0,50.0,0,10,1,0,8,0,2,0,0,0,0,0,0.7469920999999999,163,0,1
2648829186,0.0,0.0,3.4,1.744,0.0,0.0,3.33,1.619,0.0,0.0,3.33,1.619,0.0,0.0,3.27,1.692,0.0,0.0,3.27,1.652,3.2,1.72,0.0,0.0,3.27,1.652,0.0,0.0,0.0,0.0,3.27,1.652,1,0,0,91.57361,19.06598,49.461240000000004,52.891740000000006,3.319833,4.623530000000001,50.0,50.0,3.2506049999999997,50.0,50.0,1,7,0,0,6,0,2,1,0,0,0,0,0.6418722,164,0,1
2648829187,2.53,1.6680000000000001,0.0,0.0,2.53,1.6680000000000001,0.0,0.0,2.53,1.6680000000000001,0.0,0.0,2.53,1.6680000000000001,0.0,0.0,2.53,1.6680000000000001,0.0,0.0,0.0,0.0,2.53,1.6680000000000001,0.0,0.0,2.8,1.72,2.53,1.6680000000000001,0.0,0.0,1,1,0,256.7852,98.70485,251.3204,164.7812,0.6161842,0.9952629000000001,50.0,50.0,0.5223066,50.0,50.0,0,7,0,0,6,0,0,0,0,0,0,0,0.0,165,1,0
2648829188,0.0,0.0,2.2,1.4240000000000002,0.0,0.0,2.07,1.389,0.0,0.0,2.07,1.389,0.0,0.0,1.87,1.31,0.0,0.0,2.0,1.3659999999999999,2.0,1.4140000000000001,0.0,0.0,1.87,1.31,0.0,0.0,0.0,0.0,2.07,1.389,0,0,1,327.6071,284.3906,78.83513,170.8982,1.2824659999999999,1.450828,50.0,50.0,0.9479085999999999,50.0,50.0,0,7,0,0,6,0,2,0,0,0,0,0,1.3869040000000001,166,0,1
2648829189,0.0,0.0,2.2,1.558,0.0,0.0,1.8,1.222,0.0,0.0,1.93,1.389,0.0,0.0,1.73,1.181,0.0,0.0,1.93,1.389,1.73,1.181,0.0,0.0,1.73,1.181,0.0,0.0,0.0,0.0,2.0,1.4140000000000001,0,0,0,150.5803,304.427,170.7648,82.2345,0.8168786,1.780309,50.0,5.062387,0.462454,2.712356,0.9969434000000001,0,8,0,1,7,4,0,0,0,0,0,0,2.379234,167,0,1
2648829190,2.6,1.744,0.0,0.0,2.0,1.317,0.0,0.0,2.27,1.569,0.0,0.0,2.0,1.4140000000000001,0.0,0.0,2.0,1.4140000000000001,0.0,0.0,0.0,0.0,1.8,1.222,0.0,0.0,2.47,1.5859999999999999,1.8,1.327,0.0,0.0,1,0,1,0.0,267.0,27.000009999999996,147.0,0.7466218000000001,0.7466219000000001,4.916628,50.0,0.7466214,0.0,0.7466218000000001,0,8,1,0,6,3,0,0,1,0,1,1,0.0,168,1,0
2648829191,2.73,1.569,0.0,0.0,2.73,1.482,0.0,0.0,2.87,1.5430000000000001,0.0,0.0,2.73,1.482,0.0,0.0,2.8,1.558,0.0,0.0,0.0,0.0,2.87,1.5859999999999999,0.0,0.0,2.93,1.652,3.13,1.5859999999999999,0.0,0.0,0,1,0,250.8577,194.0826,165.4188,223.4666,2.449147,2.526322,50.0,50.0,2.115761,2.765876,0.712386,0,6,0,0,4,3,2,0,0,0,0,0,0.0,169,1,0
2648829192,2.93,1.7309999999999999,0.0,0.0,2.87,1.7069999999999999,0.0,0.0,2.87,1.7069999999999999,0.0,0.0,2.87,1.7069999999999999,0.0,0.0,2.87,1.7069999999999999,0.0,0.0,0.0,0.0,2.93,1.7309999999999999,0.0,0.0,3.0,1.713,2.93,1.7309999999999999,0.0,0.0,0,1,0,165.6169,206.0469,157.227,169.8342,1.3406280000000002,1.3966100000000001,50.0,50.0,0.2723939,0.9201078000000001,0.6537603,0,4,0,0,0,3,0,0,0,0,0,0,0.0,170,1,0
2648829193,0.0,0.0,2.93,1.7309999999999999,0.0,0.0,2.53,1.6280000000000001,0.0,0.0,2.53,1.7069999999999999,0.0,0.0,2.53,1.6280000000000001,0.0,0.0,2.53,1.7069999999999999,2.47,1.6280000000000001,0.0,0.0,2.4,1.625,0.0,0.0,0.0,0.0,2.67,1.7,0,0,1,31.01315,3.8375550000000005,351.3956,342.0502,4.183591000000001,4.640758,0.8155574999999999,50.0,2.513173,4.868525,0.7486463000000001,0,7,1,0,5,4,0,1,1,1,1,0,2.965246,171,0,1
2648829194,3.27,1.7690000000000001,0.0,0.0,3.2,1.72,0.0,0.0,3.27,1.7690000000000001,0.0,0.0,3.2,1.72,0.0,0.0,3.27,1.7690000000000001,0.0,0.0,0.0,0.0,3.2,1.72,0.0,0.0,2.67,1.7,3.27,1.7690000000000001,0.0,0.0,0,1,0,132.4383,191.1294,171.4675,170.7823,3.281864,4.26957,50.0,50.0,3.128141,3.721229,0.8077036,0,5,0,0,2,4,0,0,0,0,0,0,0.0,172,1,0
2648829195,0.0,0.0,3.0,1.5919999999999999,0.0,0.0,2.33,1.3980000000000001,0.0,0.0,2.53,1.5,0.0,0.0,2.2,1.376,0.0,0.0,2.27,1.482,2.13,1.36,0.0,0.0,2.13,1.36,0.0,0.0,0.0,0.0,2.4,1.4969999999999999,0,0,0,112.0687,16.90305,115.5572,310.9452,1.158756,2.155143,2.421412,50.0,1.044367,50.0,50.0,0,7,1,0,5,0,0,1,0,0,0,0,2.71651,173,0,1
2648829196,3.33,1.66,0.0,0.0,2.87,1.5859999999999999,0.0,0.0,3.13,1.6680000000000001,0.0,0.0,3.0,1.633,0.0,0.0,2.8,1.681,0.0,0.0,0.0,0.0,2.67,1.619,0.0,0.0,2.67,1.619,2.73,1.692,0.0,0.0,0,0,0,298.038,335.5641,357.8825,57.011540000000004,5.037866999999999,5.188845,50.0,50.0,2.60145,50.0,50.0,0,5,0,0,4,0,0,1,1,0,0,0,0.0,174,1,0
2648829197,2.67,1.814,0.0,0.0,2.8,1.7590000000000001,0.0,0.0,2.8,1.7590000000000001,0.0,0.0,2.73,1.7690000000000001,0.0,0.0,2.8,1.7590000000000001,0.0,0.0,0.0,0.0,2.93,1.8430000000000002,0.0,0.0,2.67,1.814,2.93,1.8430000000000002,0.0,0.0,0,0,0,146.423,223.7832,272.0123,112.3849,3.1192509999999998,4.553574,50.0,0.780138,0.780138,50.0,50.0,0,4,0,2,3,0,0,0,0,0,0,0,0.0,175,1,0
2648829198,0.0,0.0,3.47,1.6680000000000001,0.0,0.0,2.87,1.784,0.0,0.0,2.93,1.8430000000000002,0.0,0.0,2.87,1.784,0.0,0.0,2.93,1.8430000000000002,2.87,1.784,0.0,0.0,2.87,1.784,0.0,0.0,0.0,0.0,3.13,1.784,0,0,0,1000.0,1000.0,1000.0,1000.0,50.0,50.0,50.0,50.0,50.0,50.0,50.0,0,1,0,0,0,0,0,0,0,0,0,0,1.489354,176,0,1
2648829199,3.4,1.781,0.0,0.0,3.4,1.781,0.0,0.0,3.4,1.781,0.0,0.0,3.4,1.781,0.0,0.0,3.4,1.781,0.0,0.0,0.0,0.0,3.4,1.781,0.0,0.0,3.0,1.932,3.4,1.781,0.0,0.0,0,0,0,1000.0,1000.0,1000.0,1000.0,50.0,50.0,1.229452,50.0,50.0,50.0,50.0,0,2,1,0,0,0,0,0,0,0,0,0,0.0,177,1,0
2648829200,0.0,0.0,3.73,1.692,0.0,0.0,3.33,1.7,0.0,0.0,3.33,1.7,0.0,0.0,3.53,1.7069999999999999,0.0,0.0,3.2,1.72,3.33,1.814,0.0,0.0,3.53,1.7069999999999999,0.0,0.0,0.0,0.0,3.53,1.7069999999999999,0,0,0,191.93200000000002,1000.0,1000.0,353.509,50.0,50.0,50.0,50.0,3.573754,50.0,50.0,0,2,0,0,1,0,0,0,0,1,0,0,0.729978,178,0,1
2648829201,0.0,0.0,4.4,1.3559999999999999,0.0,0.0,3.0,1.8969999999999998,0.0,0.0,3.53,1.821,0.0,0.0,3.4,1.855,0.0,0.0,3.0,1.8969999999999998,2.87,1.893,0.0,0.0,2.8,1.8330000000000002,0.0,0.0,0.0,0.0,2.87,1.893,0,0,0,96.97842,343.5538,353.515,314.0464,4.537458,5.273271,50.0,50.0,2.959759,50.0,50.0,0,6,0,0,5,0,0,1,1,0,0,0,2.480624,179,0,1
2648829202,0.0,0.0,3.4,1.705,0.0,0.0,3.0,1.8259999999999998,0.0,0.0,3.33,1.776,0.0,0.0,3.27,1.806,0.0,0.0,2.93,1.8430000000000002,2.93,1.8430000000000002,0.0,0.0,2.93,1.8430000000000002,0.0,0.0,0.0,0.0,3.13,1.784,0,0,1,37.21053,321.1544,242.8785,324.2321,3.4439019999999996,4.9132370000000005,50.0,50.0,2.967566,50.0,50.0,0,4,0,0,3,0,0,1,0,1,0,0,2.737975,180,0,1
2648829203,3.33,1.776,0.0,0.0,3.2,1.681,0.0,0.0,3.27,1.7309999999999999,0.0,0.0,3.07,1.7309999999999999,0.0,0.0,3.07,1.7309999999999999,0.0,0.0,0.0,0.0,3.0,1.673,0.0,0.0,2.87,1.784,3.07,1.7309999999999999,0.0,0.0,0,0,0,68.14664,35.40567,55.98203,101.0139,3.699103,3.8885660000000004,50.0,50.0,3.3020370000000003,50.0,50.0,1,5,0,0,4,0,0,1,0,0,0,0,0.0,181,1,0
2648829204,2.27,1.692,0.0,0.0,2.2,1.6,0.0,0.0,2.27,1.692,0.0,0.0,2.2,1.6,0.0,0.0,2.27,1.692,0.0,0.0,0.0,0.0,2.6,1.744,0.0,0.0,2.47,1.7069999999999999,3.07,1.7309999999999999,0.0,0.0,0,0,0,225.2704,182.2003,1000.0,243.1238,3.749657,50.0,2.198953,50.0,3.134291,50.0,50.0,0,4,1,0,2,0,0,0,0,0,0,0,0.0,182,1,0
2648829205,3.07,1.7690000000000001,0.0,0.0,3.07,1.7690000000000001,0.0,0.0,3.07,1.7690000000000001,0.0,0.0,3.07,1.7690000000000001,0.0,0.0,3.0,1.713,0.0,0.0,0.0,0.0,3.07,1.7690000000000001,0.0,0.0,3.07,1.7690000000000001,3.0,1.713,0.0,0.0,0,0,1,26.63055,1000.0,1000.0,169.3601,50.0,50.0,50.0,50.0,2.929708,50.0,50.0,0,2,0,0,1,0,0,0,0,0,0,0,0.0,183,1,0
2648829206,3.27,1.7690000000000001,0.0,0.0,2.67,1.7,0.0,0.0,2.73,1.7690000000000001,0.0,0.0,2.67,1.7,0.0,0.0,2.67,1.7380000000000002,0.0,0.0,0.0,0.0,2.93,1.7309999999999999,0.0,0.0,2.73,1.652,3.13,1.7069999999999999,0.0,0.0,0,0,0,1000.0,117.7091,1000.0,96.82297,3.9984269999999995,50.0,50.0,50.0,2.432729,50.0,50.0,0,3,0,0,2,0,2,0,0,0,0,0,0.0,184,1,0
2648829207,2.33,1.578,0.0,0.0,2.4,1.5830000000000002,0.0,0.0,2.4,1.5830000000000002,0.0,0.0,2.33,1.578,0.0,0.0,2.33,1.578,0.0,0.0,0.0,0.0,2.27,1.569,0.0,0.0,2.67,1.7380000000000002,2.27,1.569,0.0,0.0,1,1,1,0.0,90.0,306.0,234.0,0.7455940999999999,0.7455941999999999,50.0,50.0,0.7455940999999999,0.0,0.7455941999999999,0,9,0,0,8,5,2,0,0,0,1,1,0.0,185,1,0
2648829208,0.0,0.0,2.4,1.625,0.0,0.0,1.8,1.166,0.0,0.0,2.13,1.454,0.0,0.0,2.33,1.4909999999999999,0.0,0.0,1.73,1.123,1.67,1.075,0.0,0.0,1.6,1.02,0.0,0.0,0.0,0.0,1.6,1.02,1,1,1,0.0,72.00001999999999,144.0,360.0,0.7738763000000001,0.7738763000000001,3.2231349999999996,50.0,0.7738763000000001,0.0,0.7738764,0,9,1,0,2,5,2,0,0,1,1,1,2.5497900000000002,186,0,1
2648829209,2.4,1.541,0.0,0.0,2.47,1.5430000000000001,0.0,0.0,2.47,1.5430000000000001,0.0,0.0,2.47,1.5430000000000001,0.0,0.0,2.47,1.5430000000000001,0.0,0.0,0.0,0.0,2.33,1.445,0.0,0.0,2.47,1.5430000000000001,2.33,1.445,0.0,0.0,1,1,0,281.3279,252.8304,253.0505,210.3279,1.05208,2.017921,50.0,2.017921,0.6862590999999999,50.0,50.0,0,8,0,2,7,0,0,0,0,0,0,1,0.0,187,1,0
2648829211,2.67,1.7,0.0,0.0,2.73,1.692,0.0,0.0,2.73,1.692,0.0,0.0,2.73,1.692,0.0,0.0,2.73,1.692,0.0,0.0,0.0,0.0,2.67,1.7,0.0,0.0,2.73,1.692,2.87,1.6680000000000001,0.0,0.0,0,0,0,62.19687,1000.0,1000.0,244.0247,50.0,50.0,50.0,50.0,2.7311,50.0,50.0,0,2,0,0,1,0,0,0,0,0,0,1,0.0,189,1,0
2648829212,2.33,1.535,0.0,0.0,2.27,1.436,0.0,0.0,2.33,1.535,0.0,0.0,2.13,1.36,0.0,0.0,2.33,1.535,0.0,0.0,0.0,0.0,2.07,1.389,0.0,0.0,2.33,1.535,2.33,1.535,0.0,0.0,0,0,0,52.18488,12.90028,148.7885,201.988,1.275493,1.5545010000000001,50.0,50.0,0.4913013,50.0,50.0,0,4,0,0,3,0,0,1,0,0,0,1,0.0,190,1,0
2648829213,0.0,0.0,2.8,1.7590000000000001,0.0,0.0,2.47,1.6280000000000001,0.0,0.0,2.47,1.6680000000000001,0.0,0.0,2.33,1.578,0.0,0.0,2.47,1.6680000000000001,2.33,1.578,0.0,0.0,2.27,1.569,0.0,0.0,0.0,0.0,2.53,1.6680000000000001,0,0,0,161.477,289.735,234.2092,344.2921,2.021775,3.2869089999999996,0.525363,50.0,0.8046346999999999,50.0,50.0,0,6,1,0,4,0,0,0,0,1,0,1,2.063536,191,0,1
2648829214,1.0,0.0,0.0,0.0,1.0,0.0,0.0,0.0,1.0,0.0,0.0,0.0,1.0,0.0,0.0,0.0,1.0,0.0,0.0,0.0,0.0,0.0,1.0,0.0,0.0,0.0,1.0,0.0,1.0,0.0,0.0,0.0,0,0,0,135.2681,104.7861,273.7708,238.3482,1.3412600000000001,1.559825,50.0,50.0,0.8514081,50.0,50.0,0,6,0,0,5,0,1,0,0,0,0,1,0.0,192,1,0
2648829215,2.87,1.784,0.0,0.0,2.87,1.784,0.0,0.0,2.87,1.784,0.0,0.0,2.87,1.784,0.0,0.0,2.87,1.784,0.0,0.0,0.0,0.0,3.13,1.784,0.0,0.0,2.87,1.784,3.13,1.784,0.0,0.0,0,0,0,1000.0,1000.0,1000.0,1000.0,50.0,50.0,50.0,50.0,50.0,50.0,50.0,0,1,0,0,0,0,0,0,0,0,0,1,0.0,193,1,0
2648829216,0.0,0.0,3.67,1.7380000000000002,0.0,0.0,2.67,1.814,0.0,0.0,2.8,1.869,0.0,0.0,2.73,1.806,0.0,0.0,2.73,1.879,2.67,1.814,0.0,0.0,2.67,1.814,0.0,0.0,0.0,0.0,2.93,1.8430000000000002,0,0,0,1000.0,1000.0,1000.0,1000.0,50.0,50.0,50.0,50.0,50.0,50.0,50.0,0,1,0,0,0,0,0,0,0,0,0,1,2.073651,194,0,1
2648829217,2.4,1.665,0.0,0.0,2.33,1.4909999999999999,0.0,0.0,2.33,1.578,0.0,0.0,2.07,1.389,0.0,0.0,2.4,1.5830000000000002,0.0,0.0,0.0,0.0,2.33,1.578,0.0,0.0,2.4,1.4969999999999999,2.6,1.665,0.0,0.0,1,0,1,0.0,95.0,215.0,335.0,0.9325957,0.9325958000000001,50.0,50.0,0.9325956,0.0,0.9325957,0,6,0,0,5,3,0,0,0,1,1,1,0.0,195,1,0
2648829218,0.0,0.0,2.2,1.47,0.0,0.0,1.8,1.166,0.0,0.0,1.87,1.258,0.0,0.0,1.8,1.222,0.0,0.0,1.8,1.166,1.87,1.36,0.0,0.0,1.6,1.02,0.0,0.0,0.0,0.0,1.8,1.166,1,0,1,0.0,52.0,172.0,292.0,0.7367137,0.7367139,50.0,50.0,0.7367137,0.0,0.7367138000000001,0,6,0,0,4,3,2,0,0,0,1,1,2.5424700000000002,196,0,1
2648829219,1.93,1.2890000000000001,0.0,0.0,2.0,1.2109999999999999,0.0,0.0,2.0,1.317,0.0,0.0,1.87,1.147,0.0,0.0,2.07,1.34,0.0,0.0,0.0,0.0,1.87,1.147,0.0,0.0,2.07,1.2890000000000001,2.13,1.36,0.0,0.0,1,1,1,0.0,4.0,94.0,274.0,0.6324034000000001,0.6324034000000001,50.0,50.0,0.6324034000000001,0.0,0.6324034000000001,0,8,0,0,7,4,2,1,0,0,1,1,0.0,197,1,0
2648829220,2.0,1.4140000000000001,0.0,0.0,2.0,1.3659999999999999,0.0,0.0,2.13,1.5430000000000001,0.0,0.0,1.93,1.34,0.0,0.0,2.0,1.3659999999999999,0.0,0.0,0.0,0.0,2.07,1.526,0.0,0.0,2.07,1.526,2.07,1.526,0.0,0.0,1,0,1,323.3377,76.99683,67.93211,10.337660000000001,1.559092,2.4390490000000002,50.0,50.0,1.534389,50.0,50.0,0,5,0,0,4,0,0,0,0,1,0,1,0.0,198,1,0
2648829221,0.0,0.0,2.53,1.6680000000000001,0.0,0.0,2.13,1.31,0.0,0.0,2.2,1.4240000000000002,0.0,0.0,2.0,1.2109999999999999,0.0,0.0,2.2,1.4240000000000002,2.2,1.6,0.0,0.0,2.0,1.4140000000000001,0.0,0.0,0.0,0.0,2.27,1.569,1,0,0,291.2374,160.814,199.9791,336.2896,1.0825930000000001,1.114592,50.0,50.0,0.6990575,1.403292,0.5211625,0,9,0,0,8,4,2,0,0,1,0,0,2.804343,199,0,1
2648829223,0.0,0.0,3.67,1.7380000000000002,0.0,0.0,2.67,1.814,0.0,0.0,2.73,1.879,0.0,0.0,2.67,1.814,0.0,0.0,2.73,1.879,2.67,1.814,0.0,0.0,2.67,1.814,0.0,0.0,0.0,0.0,2.93,1.8430000000000002,0,0,0,1000.0,1000.0,1000.0,1000.0,50.0,50.0,50.0,50.0,50.0,50.0,50.0,0,1,0,0,0,0,0,0,0,0,0,0,1.677813,201,0,1
2648829224,2.73,1.806,0.0,0.0,2.53,1.6680000000000001,0.0,0.0,2.6,1.744,0.0,0.0,2.6,1.744,0.0,0.0,2.6,1.744,0.0,0.0,0.0,0.0,2.53,1.6680000000000001,0.0,0.0,2.53,1.6680000000000001,2.6,1.744,0.0,0.0,0,0,0,205.9371,304.43,1000.0,133.2442,4.77917,50.0,1.295552,50.0,0.4814477,50.0,50.0,0,4,1,0,2,0,0,0,0,0,0,0,0.0,202,1,0
2648829225,2.67,1.814,0.0,0.0,2.67,1.814,0.0,0.0,2.67,1.814,0.0,0.0,2.67,1.814,0.0,0.0,2.67,1.814,0.0,0.0,0.0,0.0,2.73,1.7690000000000001,0.0,0.0,2.67,1.814,2.73,1.7690000000000001,0.0,0.0,0,0,0,185.6925,1000.0,1000.0,150.7553,50.0,50.0,50.0,50.0,2.793144,50.0,50.0,0,2,0,0,1,0,0,0,0,0,0,0,0.0,203,1,0
2648829226,0.0,0.0,3.07,1.611,0.0,0.0,2.33,1.3980000000000001,0.0,0.0,2.6,1.5830000000000002,0.0,0.0,2.47,1.5,0.0,0.0,2.33,1.4909999999999999,2.27,1.436,0.0,0.0,2.2,1.376,0.0,0.0,0.0,0.0,2.4,1.4969999999999999,1,1,1,0.0,12.0,102.0,282.0,0.5775557,0.5775557,50.0,2.402568,0.5775556,0.0,0.5775556,0,9,0,2,8,4,0,1,0,0,1,1,2.543657,204,0,1
2648829227,0.0,0.0,3.2,1.72,0.0,0.0,3.0,1.5490000000000002,0.0,0.0,3.07,1.611,0.0,0.0,3.0,1.5490000000000002,0.0,0.0,3.07,1.611,3.13,1.6680000000000001,0.0,0.0,3.13,1.6680000000000001,0.0,0.0,0.0,0.0,3.4,1.625,0,0,1,25.17989,224.12099999999998,75.08688000000001,108.1799,1.666475,2.196234,50.0,1.6159700000000001,1.6159700000000001,50.0,50.0,0,8,0,1,7,0,0,0,0,0,0,1,1.11476,205,0,1
2648829228,0.0,0.0,2.33,1.3980000000000001,0.0,0.0,2.13,1.204,0.0,0.0,2.33,1.3980000000000001,0.0,0.0,2.07,1.181,0.0,0.0,2.2,1.327,2.27,1.389,0.0,0.0,2.27,1.389,0.0,0.0,0.0,0.0,2.53,1.5,0,0,1,24.22821,331.1597,1000.0,112.0483,2.112453,50.0,1.78397,50.0,0.7387353,50.0,50.0,0,4,1,0,2,0,0,1,0,0,0,1,1.307129,206,0,1
2648829229,2.87,1.784,0.0,0.0,2.67,1.66,0.0,0.0,2.67,1.7380000000000002,0.0,0.0,2.53,1.6680000000000001,0.0,0.0,2.93,1.692,0.0,0.0,0.0,0.0,2.73,1.652,0.0,0.0,2.73,1.652,2.8,1.72,0.0,0.0,0,0,1,322.8898,1000.0,1000.0,17.661620000000003,50.0,50.0,50.0,50.0,3.632128,50.0,50.0,0,2,0,0,1,0,0,0,0,1,0,1,0.0,207,1,0
2648829230,2.8,1.72,0.0,0.0,2.73,1.652,0.0,0.0,2.73,1.692,0.0,0.0,2.67,1.619,0.0,0.0,2.53,1.5859999999999999,0.0,0.0,0.0,0.0,2.53,1.5430000000000001,0.0,0.0,2.73,1.652,2.8,1.6,0.0,0.0,0,0,0,273.444,241.4726,226.00099999999998,183.5541,5.492038,5.616137999999999,50.0,50.0,2.918814,50.0,50.0,0,4,0,0,3,0,0,0,0,0,0,1,0.0,208,1,0
2648829231,2.8,1.558,0.0,0.0,2.47,1.5,0.0,0.0,2.6,1.665,0.0,0.0,2.67,1.535,0.0,0.0,2.47,1.6280000000000001,0.0,0.0,0.0,0.0,2.53,1.5,0.0,0.0,2.53,1.5,2.8,1.558,0.0,0.0,0,0,0,161.9477,207.6476,200.4783,206.5853,3.1623490000000003,4.151051,50.0,50.0,1.036216,50.0,50.0,0,4,0,0,3,0,0,0,0,0,0,1,0.0,209,1,0
2648829232,0.0,0.0,2.07,1.526,0.0,0.0,2.0,1.4140000000000001,0.0,0.0,2.13,1.5430000000000001,0.0,0.0,2.0,1.4140000000000001,0.0,0.0,2.07,1.526,2.2,1.6,0.0,0.0,2.2,1.6,0.0,0.0,0.0,0.0,2.27,1.692,0,0,0,174.9671,109.12100000000001,122.8378,60.01944,1.225727,1.473474,50.0,0.605999,0.605999,50.0,50.0,0,7,0,2,6,0,1,0,0,0,0,1,0.9348030999999999,210,0,1
2648829233,2.6,1.744,0.0,0.0,2.47,1.5859999999999999,0.0,0.0,2.6,1.744,0.0,0.0,2.53,1.6680000000000001,0.0,0.0,2.53,1.6680000000000001,0.0,0.0,0.0,0.0,2.53,1.6680000000000001,0.0,0.0,2.53,1.6680000000000001,2.73,1.652,0.0,0.0,0,0,1,333.5485,165.3133,230.6191,73.47983,1.209506,1.386166,50.0,50.0,0.9237428,50.0,50.0,1,7,0,0,6,0,0,0,0,0,0,1,0.0,211,1,0
2648829234,3.0,1.8969999999999998,0.0,0.0,2.93,1.8430000000000002,0.0,0.0,3.0,1.8969999999999998,0.0,0.0,2.93,1.8430000000000002,0.0,0.0,3.0,1.8969999999999998,0.0,0.0,0.0,0.0,2.93,1.8430000000000002,0.0,0.0,2.93,1.8430000000000002,3.4,1.744,0.0,0.0,0,0,0,1000.0,1000.0,1000.0,1000.0,50.0,50.0,50.0,50.0,50.0,50.0,50.0,1,1,0,0,0,0,0,0,0,0,0,1,0.0,212,1,0
2648829235,0.0,0.0,2.67,1.66,0.0,0.0,2.8,1.6,0.0,0.0,2.87,1.6680000000000001,0.0,0.0,2.6,1.625,0.0,0.0,2.53,1.5859999999999999,2.33,1.535,0.0,0.0,2.33,1.535,0.0,0.0,0.0,0.0,2.4,1.625,0,0,0,239.6115,358.5289,356.9237,296.2033,2.076898,4.690815,50.0,50.0,1.570402,50.0,50.0,1,4,0,0,3,0,2,1,1,0,0,1,2.6067970000000003,213,0,1
2648829236,3.0,1.713,0.0,0.0,3.0,1.633,0.0,0.0,3.07,1.692,0.0,0.0,3.0,1.633,0.0,0.0,3.07,1.692,0.0,0.0,0.0,0.0,2.93,1.652,0.0,0.0,2.93,1.652,3.0,1.713,0.0,0.0,1,0,1,35.39795,346.0597,293.7205,229.1813,2.171871,4.189106,50.0,50.0,1.51264,50.0,50.0,0,4,0,0,3,0,0,1,0,0,0,1,0.0,214,1,0
2648829237,3.0,1.673,0.0,0.0,3.07,1.7309999999999999,0.0,0.0,3.07,1.7309999999999999,0.0,0.0,3.0,1.673,0.0,0.0,3.0,1.713,0.0,0.0,0.0,0.0,3.07,1.7309999999999999,0.0,0.0,2.87,1.6680000000000001,3.07,1.7309999999999999,0.0,0.0,0,0,0,248.7358,176.6665,187.1397,229.4732,3.5740230000000004,4.128891,50.0,50.0,2.002332,4.040559,0.5162592,1,5,0,0,4,3,0,0,0,0,0,0,0.0,215,1,0
2648829238,2.73,1.879,0.0,0.0,2.2,1.72,0.0,0.0,2.47,1.821,0.0,0.0,2.47,1.821,0.0,0.0,2.2,1.72,0.0,0.0,0.0,0.0,2.13,1.6280000000000001,0.0,0.0,2.87,1.784,2.13,1.6280000000000001,0.0,0.0,1,1,1,0.0,127.0,247.0,7.0,0.8632483,0.8632485000000001,50.0,50.0,0.8632483,0.0,0.8632484,0,4,0,0,0,3,0,0,0,1,1,1,0.0,216,1,0
2648829239,2.4,1.625,0.0,0.0,2.33,1.4909999999999999,0.0,0.0,2.33,1.4909999999999999,0.0,0.0,2.27,1.482,0.0,0.0,2.33,1.4909999999999999,0.0,0.0,0.0,0.0,2.47,1.6280000000000001,0.0,0.0,2.33,1.535,2.47,1.6280000000000001,0.0,0.0,0,0,0,188.5494,32.76059,11.15344,27.549409999999998,2.793441,3.09815,2.620486,50.0,0.8744774,50.0,50.0,0,6,1,0,4,0,0,1,1,1,0,1,0.0,217,1,0
2648829240,0.0,0.0,2.47,1.6280000000000001,0.0,0.0,2.53,1.5859999999999999,0.0,0.0,2.6,1.665,0.0,0.0,2.53,1.5859999999999999,0.0,0.0,2.47,1.6280000000000001,2.2,1.376,0.0,0.0,2.13,1.4080000000000001,0.0,0.0,0.0,0.0,2.4,1.541,0,0,0,189.8448,220.2068,258.5822,53.90303,1.299442,2.193759,50.0,0.6770257,0.6770257,4.619498,0.5409702,0,9,0,2,8,4,0,0,0,0,0,0,1.692014,218,0,1
2648829241,2.07,1.526,0.0,0.0,1.8,1.222,0.0,0.0,1.87,1.36,0.0,0.0,1.73,1.181,0.0,0.0,1.87,1.36,0.0,0.0,0.0,0.0,1.73,1.181,0.0,0.0,2.33,1.66,1.8,1.327,0.0,0.0,1,0,0,127.3668,9.909237,352.5074,350.5813,2.369255,3.126744,50.0,50.0,2.340815,2.7169790000000003,0.5594439,0,5,0,0,1,4,0,1,1,1,1,0,0.0,219,1,0
2648829242,3.2,1.72,0.0,0.0,2.87,1.6280000000000001,0.0,0.0,2.93,1.652,0.0,0.0,2.47,1.5859999999999999,0.0,0.0,2.6,1.5830000000000002,0.0,0.0,0.0,0.0,2.33,1.535,0.0,0.0,2.73,1.7690000000000001,2.33,1.535,0.0,0.0,0,0,0,207.4392,292.99,34.01337,9.004944,1.8217720000000002,3.284412,50.0,1.8217720000000002,1.620666,3.897311,0.5103571,1,9,0,2,5,4,2,0,1,1,1,0,0.0,220,1,0
2648829243,0.0,0.0,2.4,1.665,0.0,0.0,2.2,1.47,0.0,0.0,2.47,1.6680000000000001,0.0,0.0,2.07,1.436,0.0,0.0,2.2,1.558,2.27,1.482,0.0,0.0,2.27,1.482,0.0,0.0,0.0,0.0,2.33,1.578,1,0,1,350.8575,222.0484,246.5429,289.4034,1.176834,1.407429,50.0,50.0,0.6872425,50.0,50.0,0,5,0,0,4,0,0,0,0,0,0,0,1.5300209999999999,221,0,1
2648829244,0.0,0.0,3.0,1.8259999999999998,0.0,0.0,2.93,1.8430000000000002,0.0,0.0,2.87,1.893,0.0,0.0,2.93,1.879,0.0,0.0,2.87,1.893,2.87,1.893,0.0,0.0,2.87,1.893,0.0,0.0,0.0,0.0,3.07,1.8430000000000002,0,0,0,152.4902,1000.0,1000.0,284.493,50.0,50.0,50.0,50.0,3.6798269999999995,50.0,50.0,0,2,0,0,1,0,0,0,0,0,0,0,1.631047,222,0,1
2648829245,1.87,1.31,0.0,0.0,2.07,1.389,0.0,0.0,2.2,1.558,0.0,0.0,2.07,1.436,0.0,0.0,2.0,1.3659999999999999,0.0,0.0,0.0,0.0,1.87,1.31,0.0,0.0,2.73,1.806,1.87,1.31,0.0,0.0,1,1,1,0.0,79.0,169.0,349.0,0.6047323,0.6047323,3.169186,50.0,0.6047323,0.0,0.6047323,0,7,1,0,5,4,0,0,0,1,1,1,0.0,223,1,0
2648829246,0.0,0.0,2.6,1.625,0.0,0.0,2.53,1.454,0.0,0.0,2.6,1.541,0.0,0.0,2.53,1.5,0.0,0.0,2.53,1.5430000000000001,2.53,1.454,0.0,0.0,2.27,1.436,0.0,0.0,0.0,0.0,2.33,1.535,1,1,1,0.0,353.0,83.0,263.0,0.5057997999999999,0.5057997999999999,0.8655536,50.0,0.5057997999999999,0.0,0.5057997999999999,0,6,1,0,1,4,0,1,0,0,1,1,2.138789,224,0,1
2648829247,0.0,0.0,1.93,1.34,0.0,0.0,2.0,1.4140000000000001,0.0,0.0,1.93,1.389,0.0,0.0,1.93,1.389,0.0,0.0,1.93,1.389,2.07,1.436,0.0,0.0,1.8,1.327,0.0,0.0,0.0,0.0,1.8,1.327,1,1,1,0.0,221.0,311.0,131.0,0.7316083999999999,0.7316083999999999,50.0,50.0,0.7316083999999999,0.0,0.7316083999999999,0,5,0,0,1,4,0,0,0,0,1,1,1.711623,225,0,1
2648829248,2.4,1.625,0.0,0.0,2.27,1.482,0.0,0.0,2.27,1.482,0.0,0.0,2.27,1.569,0.0,0.0,2.33,1.578,0.0,0.0,0.0,0.0,2.4,1.625,0.0,0.0,2.27,1.569,2.4,1.625,0.0,0.0,0,0,0,69.79419,209.5477,38.95747,317.7942,0.8293287,1.906696,50.0,0.7528636,0.7528636,50.0,50.0,1,8,0,1,7,0,0,0,1,0,0,1,0.0,226,1,0
2648829249,2.73,1.7690000000000001,0.0,0.0,2.67,1.7,0.0,0.0,2.8,1.7590000000000001,0.0,0.0,2.67,1.7,0.0,0.0,2.67,1.7,0.0,0.0,0.0,0.0,2.8,1.72,0.0,0.0,2.73,1.692,2.87,1.784,0.0,0.0,0,1,1,323.8765,338.8985,39.79738,71.08237,1.546093,2.8260389999999997,50.0,50.0,0.6908196999999999,50.0,50.0,0,7,0,0,6,0,0,1,1,0,0,1,0.0,227,1,0
2648829250,0.0,0.0,2.4,1.625,0.0,0.0,2.33,1.535,0.0,0.0,2.4,1.625,0.0,0.0,2.33,1.535,0.0,0.0,2.4,1.625,2.13,1.36,0.0,0.0,2.0,1.317,0.0,0.0,0.0,0.0,2.47,1.5,1,0,0,45.60818,112.2661,79.43896,160.0166,1.7450430000000001,2.178729,50.0,5.871325,0.6024963000000001,50.0,50.0,0,9,0,2,8,0,0,0,0,0,0,1,1.313851,228,0,1
2648829251,0.0,0.0,2.8,1.72,0.0,0.0,2.8,1.72,0.0,0.0,2.8,1.72,0.0,0.0,2.8,1.72,0.0,0.0,2.8,1.72,2.8,1.72,0.0,0.0,2.8,1.72,0.0,0.0,0.0,0.0,2.8,1.72,0,0,0,231.2775,269.7212,10.4115,245.4198,1.8554599999999999,2.4138450000000002,1.153089,50.0,0.7910393,50.0,50.0,0,10,1,0,8,0,2,0,1,0,0,1,0.7127373,229,0,1
2648829252,0.0,0.0,2.8,1.6,0.0,0.0,2.73,1.611,0.0,0.0,2.67,1.619,0.0,0.0,2.47,1.5859999999999999,0.0,0.0,2.6,1.5830000000000002,2.33,1.535,0.0,0.0,2.33,1.535,0.0,0.0,0.0,0.0,2.33,1.535,0,0,1,352.846,238.0772,1000.0,53.576809999999995,2.1184119999999997,50.0,3.6318980000000005,50.0,1.342382,50.0,50.0,0,4,1,0,2,0,0,0,0,0,0,1,2.236568,230,0,1
2648829253,4.2,1.376,0.0,0.0,3.33,1.7380000000000002,0.0,0.0,3.4,1.781,0.0,0.0,3.27,1.7690000000000001,0.0,0.0,3.33,1.814,0.0,0.0,0.0,0.0,3.27,1.7690000000000001,0.0,0.0,3.27,1.7690000000000001,3.53,1.7069999999999999,0.0,0.0,0,0,0,1000.0,1000.0,1000.0,1000.0,50.0,50.0,50.0,50.0,50.0,50.0,50.0,0,1,0,0,0,0,0,0,0,0,0,1,0.0,231,1,0
2648829255,4.4,1.02,0.0,0.0,3.53,1.5859999999999999,0.0,0.0,3.8,1.47,0.0,0.0,3.73,1.436,0.0,0.0,3.6,1.625,0.0,0.0,0.0,0.0,3.53,1.5859999999999999,0.0,0.0,3.53,1.5859999999999999,3.53,1.5859999999999999,0.0,0.0,0,0,0,1000.0,1000.0,1000.0,2.095795,50.0,50.0,50.0,50.0,3.7322889999999997,50.0,50.0,0,2,0,0,1,0,1,0,0,1,0,1,0.0,233,1,0
2648829256,0.0,0.0,2.47,1.7069999999999999,0.0,0.0,2.53,1.7069999999999999,0.0,0.0,2.53,1.7069999999999999,0.0,0.0,2.53,1.7069999999999999,0.0,0.0,2.47,1.6280000000000001,2.73,1.692,0.0,0.0,2.4,1.625,0.0,0.0,0.0,0.0,2.4,1.625,1,1,1,0.0,318.0,48.0,228.0,0.8667579,0.8667579,50.0,50.0,0.8667579,0.0,0.8667579,0,6,0,0,5,4,0,0,0,0,1,1,0.5047573000000001,234,0,1
2648829257,0.0,0.0,3.0,1.5919999999999999,0.0,0.0,2.13,1.4080000000000001,0.0,0.0,2.33,1.535,0.0,0.0,2.2,1.514,0.0,0.0,2.13,1.4080000000000001,1.93,1.34,0.0,0.0,1.93,1.34,0.0,0.0,0.0,0.0,1.93,1.34,0,0,1,355.1823,302.3652,99.2298,239.1824,1.218259,1.5794190000000001,50.0,50.0,1.211654,50.0,50.0,0,6,0,0,5,0,0,0,0,0,0,1,2.727159,235,0,1
2648829259,3.4,1.625,0.0,0.0,3.4,1.5830000000000002,0.0,0.0,3.4,1.5830000000000002,0.0,0.0,3.33,1.619,0.0,0.0,3.4,1.5830000000000002,0.0,0.0,0.0,0.0,3.4,1.625,0.0,0.0,3.07,1.7309999999999999,3.4,1.625,0.0,0.0,0,0,0,226.7938,351.8858,6.569733,6.947692999999999,3.884723,4.7924809999999995,1.4355719999999998,50.0,3.7828809999999997,4.303421,0.7141718,0,6,1,0,1,4,0,1,1,1,1,0,0.0,237,1,0
2648829260,1.93,1.2890000000000001,0.0,0.0,2.0,1.3659999999999999,0.0,0.0,1.93,1.34,0.0,0.0,2.07,1.389,0.0,0.0,2.0,1.3659999999999999,0.0,0.0,0.0,0.0,1.93,1.2890000000000001,0.0,0.0,2.07,1.389,1.93,1.2890000000000001,0.0,0.0,1,0,0,182.3212,136.3318,182.0423,23.58929,3.0143,3.887769,2.714946,50.0,1.180521,50.0,50.0,1,6,1,0,4,0,0,0,0,1,0,0,0.0,238,1,0
2648829261,2.27,1.569,0.0,0.0,2.4,1.665,0.0,0.0,2.33,1.578,0.0,0.0,2.33,1.578,0.0,0.0,2.33,1.66,0.0,0.0,0.0,0.0,2.33,1.66,0.0,0.0,2.33,1.66,2.27,1.569,0.0,0.0,1,0,0,253.3059,240.2449,152.6415,192.9847,1.725931,3.909208,50.0,1.263615,1.263615,50.0,50.0,0,4,0,1,3,0,0,0,0,0,0,0,0.0,239,1,0
2648829262,3.33,1.814,0.0,0.0,3.33,1.814,0.0,0.0,3.33,1.814,0.0,0.0,3.33,1.814,0.0,0.0,3.33,1.814,0.0,0.0,0.0,0.0,3.33,1.814,0.0,0.0,3.0,1.7890000000000001,3.33,1.814,0.0,0.0,0,0,0,239.9407,1000.0,1000.0,49.63478,50.0,50.0,50.0,50.0,1.8110849999999998,50.0,50.0,0,2,0,0,1,0,0,0,0,0,0,0,0.0,240,1,0
2648829263,0.0,0.0,2.93,1.879,0.0,0.0,2.8,1.869,0.0,0.0,2.8,1.869,0.0,0.0,2.8,1.869,0.0,0.0,2.8,1.869,2.8,1.869,0.0,0.0,2.8,1.869,0.0,0.0,0.0,0.0,3.0,1.8259999999999998,0,0,0,1000.0,1000.0,1000.0,227.9596,50.0,50.0,50.0,50.0,2.0659549999999998,50.0,50.0,0,2,0,0,1,0,1,0,0,0,0,0,1.01458,241,0,1
2648829264,2.47,1.454,0.0,0.0,2.47,1.36,0.0,0.0,2.53,1.454,0.0,0.0,2.47,1.36,0.0,0.0,2.53,1.454,0.0,0.0,0.0,0.0,2.67,1.445,0.0,0.0,2.73,1.389,2.93,1.482,0.0,0.0,0,0,1,330.2123,1000.0,1000.0,80.31204,50.0,50.0,4.347185,50.0,0.8036729,50.0,50.0,0,3,1,0,1,0,0,0,0,0,0,0,0.0,242,1,0
2648829265,0.0,0.0,3.0,1.5919999999999999,0.0,0.0,2.2,1.275,0.0,0.0,2.53,1.5859999999999999,0.0,0.0,2.2,1.327,0.0,0.0,2.2,1.376,2.13,1.36,0.0,0.0,1.93,1.123,0.0,0.0,0.0,0.0,2.2,1.327,1,0,1,0.0,154.0,64.0,334.0,0.5897415,0.5897416999999999,50.0,3.185308,0.5897415,0.0,0.5897415,0,8,0,1,7,4,0,0,0,1,1,1,1.905906,243,0,1
2648829266,2.8,1.8330000000000002,0.0,0.0,2.53,1.6680000000000001,0.0,0.0,2.67,1.7380000000000002,0.0,0.0,2.53,1.6680000000000001,0.0,0.0,2.73,1.692,0.0,0.0,0.0,0.0,2.87,1.7069999999999999,0.0,0.0,2.6,1.665,3.0,1.8259999999999998,0.0,0.0,0,0,0,118.4381,236.104,37.73552,178.4381,1.333033,2.2672950000000003,50.0,50.0,0.7964127,50.0,50.0,0,6,0,0,5,0,1,0,1,0,0,1,0.0,244,1,0
2648829267,2.73,1.652,0.0,0.0,2.8,1.558,0.0,0.0,2.87,1.6280000000000001,0.0,0.0,2.73,1.569,0.0,0.0,2.87,1.6280000000000001,0.0,0.0,0.0,0.0,2.67,1.578,0.0,0.0,2.87,1.5859999999999999,2.73,1.652,0.0,0.0,1,0,0,266.5615,133.6957,32.40375,134.4575,1.8411419999999998,2.058078,0.9407361999999999,1.8411419999999998,0.8881882999999999,50.0,50.0,0,10,1,2,8,0,0,0,1,0,0,1,0.0,245,1,0
2648829268,2.73,1.7690000000000001,0.0,0.0,2.8,1.8330000000000002,0.0,0.0,2.8,1.8330000000000002,0.0,0.0,2.8,1.8330000000000002,0.0,0.0,2.73,1.7690000000000001,0.0,0.0,0.0,0.0,2.73,1.7690000000000001,0.0,0.0,2.73,1.7690000000000001,2.73,1.7690000000000001,0.0,0.0,0,0,1,13.22385,339.9936,324.4108,273.4241,2.98849,3.6032309999999996,50.0,3.6032309999999996,2.667877,50.0,50.0,0,4,0,1,3,0,0,1,1,0,0,1,0.0,246,1,0
2648829269,0.0,0.0,2.93,1.569,0.0,0.0,2.53,1.5430000000000001,0.0,0.0,2.6,1.625,0.0,0.0,2.4,1.541,0.0,0.0,2.33,1.535,2.07,1.389,0.0,0.0,2.13,1.4080000000000001,0.0,0.0,0.0,0.0,2.4,1.541,0,0,1,25.034589999999998,272.0013,193.8486,160.8241,2.498928,3.2841620000000002,50.0,50.0,2.204135,50.0,50.0,0,5,0,0,4,0,0,0,0,0,0,1,2.718603,247,0,1
2648829271,3.07,1.8430000000000002,0.0,0.0,3.0,1.7890000000000001,0.0,0.0,3.07,1.8430000000000002,0.0,0.0,3.0,1.7890000000000001,0.0,0.0,3.07,1.8430000000000002,0.0,0.0,0.0,0.0,3.0,1.7890000000000001,0.0,0.0,3.0,1.7890000000000001,3.0,1.7890000000000001,0.0,0.0,0,0,0,210.1096,334.7057,279.5156,249.1327,3.6618839999999997,3.8842809999999997,50.0,50.0,2.2248919999999996,50.0,50.0,0,5,0,0,4,0,1,1,0,0,0,1,0.0,249,1,0
