Stamp;File Path;Using circle;Using arrow;Number of people;Number of people in group;Group radius;Distance to group;Robot within group?;Robot facing group?;Robot work radius;Distance to closest human;Distance to 2nd closest human;Distance to 3rd closest human;Direction to closest human;Direction to 2nd closest human;Direction to 3rd closest human;Direction from closest human to robot;Robot facing closest human?;Robot facing 2nd closest human?;Robot facing 3rd closest human?;Closest human facing robot?;2nd closest human facing robot?;3d closest human facing robot?;Number of children;Distance to closest child;Number of animals;Distance to closest animal;Number of people sitting/laying in sofa?;Music playing?;Number of agents in scene;PosRot1;PosRot2;PosRot3;PosRot4;PosRot5;PosRot6;PosRot7;PosRot8;PosRot9;PosRot10;PosRot11;PosRotPepper;
0;data/screenshots/0_0_1_6_0_50_50_0_0_0_0.942421_1.382456_1.524118_90.43741_112.9306_58.32041_141.4374_0_0_0_0_0_0_0_50_0_0_7.png;0;1;6;0;50;50;0;0;0;0.942421;1.382456;1.524118;90.43741;112.9306;58.32041;141.4374;0;0;0;0;0;0;0;50;0;50;0;0;7;(-4.0, -0.9, -1.0) (0.0, 0.7, 0.0, 0.8);(-3.2, -0.9, -3.3) (0.0, 0.9, 0.0, 0.4);(-3.9, -0.9, -5.0) (0.0, 0.4, 0.0, 0.9);(-7.1, -0.9, -2.6) (0.0, 1.0, 0.0, -0.2);(-2.9, -0.9, -2.5) (0.0, 0.8, 0.0, 0.6);(-2.9, -0.9, -3.9) (0.0, 0.9, 0.0, -0.3);_;_;_;_;_;(-4.2, -0.9, -3.3) (0.0, 0.0, 0.0, 1.0);
1;data/screenshots/1_0_1_5_0_50_50_0_0_0_1.126082_1.404158_2.76687_358.8712_310.6738_312.6696_269.8018_1_0_0_0_0_0_2_3.872036_0_0_6.png;0;1;5;0;50;50;0;0;0;1.126082;1.404158;2.76687;358.8712;310.6738;312.6696;269.8018;1;0;0;0;0;0;2;3.872036;0;50;0;0;6;(-4.0, -0.9, -3.1) (0.0, 0.1, 0.0, 1.0);(-5.3, -0.9, -3.6) (0.0, 0.7, 0.0, -0.7);(-5.5, -0.9, -4.7) (0.0, 0.2, 0.0, 1.0);_;_;_;_;_;(-2.8, -0.9, -2.0) (0.0, 0.5, 0.0, -0.9);(-3.0, -0.9, -2.6) (0.0, 0.1, 0.0, 1.0);_;(-6.5, -0.9, -4.3) (0.0, 0.8, 0.0, 0.6);
2;data/screenshots/2_0_1_4_0_50_50_0_0_0_0.9022657_4.929128_4.981411_65.96844_181.9705_163.423_354.7702_0_0_0_1_0_0_1_0.9022657_0_0_5.png;0;1;4;0;50;50;0;0;0;0.9022657;4.929128;4.981411;65.96844;181.9705;163.423;354.7702;0;0;0;1;0;0;1;0.9022657;0;50;0;0;5;(-8.1, -0.9, -1.5) (0.0, 0.8, 0.0, -0.6);(-8.2, -0.9, -2.1) (0.0, 1.0, 0.0, 0.2);(-7.7, -0.9, -0.5) (0.0, 0.3, 0.0, 0.9);_;_;_;_;_;(-3.2, -0.9, -3.4) (0.0, 0.0, 0.0, 1.0);_;_;(-3.2, -0.9, -2.5) (0.0, 0.8, 0.0, 0.6);
3;data/screenshots/3_0_1_6_5_0.5665207_1.392087_0_1_0_0.8568723_1.184608_1.473818_350.2453_23.68878_337.4302_155.3968_1_1_1_0_0_0_0_50_0_0_7.png;0;1;6;5;0.5665207;1.392087;0;1;0;0.8568723;1.184608;1.473818;350.2453;23.68878;337.4302;155.3968;1;1;1;0;0;0;0;50;0;50;0;0;7;(-4.0, -0.9, -1.9) (0.0, 1.0, 0.0, 0.0);(-3.5, -0.9, -2.3) (0.0, -0.8, 0.0, 0.6);(-3.7, -0.9, -3.0) (0.0, -0.3, 0.0, 1.0);(-4.3, -0.9, -3.0) (0.0, 0.3, 0.0, 1.0);(-4.5, -0.9, -2.3) (0.0, 0.8, 0.0, 0.6);(-5.0, -0.9, -3.1) (0.0, 0.6, 0.0, 0.8);_;_;_;_;_;(-2.9, -0.9, -3.4) (0.0, -0.4, 0.0, 0.9);
4;data/screenshots/4_1_0_4_0_50_50_0_0_2.810554_0.555838_0.5935125_4.445046_198.1909_145.9841_10.26584_124.7725_0_0_1_0_0_1_0_50_0_0_5.png;1;0;4;0;50;50;0;0;2.810554;0.555838;0.5935125;4.445046;198.1909;145.9841;10.26584;124.7725;0;0;1;0;0;1;0;50;0;50;0;0;5;(-2.7, -0.9, -2.3) (0.0, 0.2, 0.0, 1.0);(-2.8, -0.9, -2.8) (0.0, 1.0, 0.0, 0.0);(-7.9, -0.9, -2.4) (0.0, 0.6, 0.0, 0.8);(-7.2, -0.9, -0.5) (0.0, 0.7, 0.0, 0.7);_;_;_;_;_;_;_;(-3.2, -0.9, -2.5) (0.0, -0.6, 0.0, 0.8);
5;data/screenshots/5_1_0_6_0_50_50_0_0_1.877925_1.637168_2.762877_2.954881_42.58545_213.7712_206.2966_72.43293_1_0_0_0_0_0_0_50_0_0_7.png;1;0;6;0;50;50;0;0;1.877925;1.637168;2.762877;2.954881;42.58545;213.7712;206.2966;72.43293;1;0;0;0;0;0;0;50;0;50;0;0;7;(-5.8, -0.9, -4.6) (0.0, 0.1, 0.0, -1.0);(-8.1, -0.9, -0.7) (0.0, 0.7, 0.0, 0.7);(-6.2, -0.9, -4.6) (0.0, 1.0, 0.0, 0.1);(-3.1, -0.9, -3.2) (0.0, 0.8, 0.0, 0.6);(-3.1, -0.9, -3.7) (0.0, 0.5, 0.0, -0.9);(-2.8, -0.9, -4.2) (0.0, 0.4, 0.0, 0.9);_;_;_;_;_;(-7.5, -0.9, -2.2) (0.0, -0.5, 0.0, 0.9);
6;data/screenshots/6_1_0_1_0_50_50_0_0_1.445404_6.21331_50_50_142.8334_1000_1000_72.452_0_0_0_0_0_0_0_50_0_0_2.png;1;0;1;0;50;50;0;0;1.445404;6.21331;50;50;142.8334;1000;1000;72.452;0;0;0;0;0;0;0;50;0;50;0;0;2;(-8.4, -0.9, -0.8) (0.0, 0.4, 0.0, 0.9);_;_;_;_;_;_;_;_;_;_;(-2.7, -0.9, -3.2) (0.0, 1.0, 0.0, 0.3);
7;data/screenshots/7_1_0_6_0_50_50_0_0_1.513695_0.4861318_0.9297996_1.886806_56.52267_249.6516_21.00388_40.97467_0_0_1_1_0_0_0_50_0_0_7.png;1;0;6;0;50;50;0;0;1.513695;0.4861318;0.9297996;1.886806;56.52267;249.6516;21.00388;40.97467;0;0;1;1;0;0;0;50;0;50;0;0;7;(-5.4, -0.9, -3.3) (0.0, 0.9, 0.0, -0.5);(-7.6, -0.9, -1.9) (0.0, 0.2, 0.0, 1.0);(-3.2, -0.9, -2.4) (0.0, 0.9, 0.0, 0.4);(-4.4, -0.9, -1.5) (0.0, 0.6, 0.0, 0.8);(-3.1, -0.9, -3.8) (0.0, 1.0, 0.0, 0.2);(-5.4, -0.9, -5.0) (0.0, 0.4, 0.0, -0.9);_;_;_;_;_;(-3.1, -0.9, -2.8) (0.0, -0.5, 0.0, 0.8);
8;data/screenshots/8_0_1_1_0_50_50_0_0_0_2.179848_50_50_71.6586_1000_1000_323.7622_0_0_0_1_0_0_0_50_0_0_2.png;0;1;1;0;50;50;0;0;0;2.179848;50;50;71.6586;1000;1000;323.7622;0;0;0;1;0;0;0;50;0;50;0;0;2;(-6.5, -0.9, -3.4) (0.0, 0.8, 0.0, 0.6);_;_;_;_;_;_;_;_;_;_;(-4.4, -0.9, -2.8) (0.0, 1.0, 0.0, 0.0);
9;data/screenshots/9_0_1_0_0_50_50_0_0_0_50_50_50_1000_1000_1000_1000_0_0_0_0_0_0_0_50_0_0_1.png;0;1;0;0;50;50;0;0;0;50;50;50;1000;1000;1000;1000;0;0;0;0;0;0;0;50;0;50;0;0;1;_;_;_;_;_;_;_;_;_;_;_;(-3.1, -0.9, -2.2) (0.0, -0.8, 0.0, 0.6);
10;data/screenshots/10_0_1_1_0_50_50_0_0_0_3.798474_50_50_201.0214_1000_1000_107.7836_0_0_0_0_0_0_0_50_0_0_2.png;0;1;1;0;50;50;0;0;0;3.798474;50;50;201.0214;1000;1000;107.7836;0;0;0;0;0;0;0;50;0;50;0;0;2;(-4.4, -0.9, -0.5) (0.0, 1.0, 0.0, 0.1);_;_;_;_;_;_;_;_;_;_;(-8.2, -0.9, -0.1) (0.0, -0.8, 0.0, 0.6);
11;data/screenshots/11_1_0_5_0_50_50_0_0_1.582288_0.8770812_1.427115_2.010996_88.11455_72.62131_78.90926_142.8982_0_0_0_0_0_0_0_50_0_1_6.png;1;0;5;0;50;50;0;0;1.582288;0.8770812;1.427115;2.010996;88.11455;72.62131;78.90926;142.8982;0;0;0;0;0;0;0;50;0;50;1;0;6;(-3.2, -0.9, -3.0) (0.0, 0.9, 0.0, -0.4);(-2.8, -0.9, -3.5) (0.0, 1.0, 0.0, 0.1);(-2.9, -0.9, -4.1) (0.0, 0.5, 0.0, 0.8);(-8.2, -0.9, -0.4) (0.0, 0.6, 0.0, 0.8);_;_;(-5.7, -0.3, -0.3) (0.0, -0.7, 0.0, 0.7);_;_;_;_;(-3.1, -0.9, -2.1) (0.0, 0.7, 0.0, 0.7);
12;data/screenshots/12_0_1_2_0_50_50_0_0_0_3.84187_4.165578_50_71.75674_142.4245_1000_317.4496_0_0_0_0_0_0_0_50_0_1_3.png;0;1;2;0;50;50;0;0;0;3.84187;4.165578;50;71.75674;142.4245;1000;317.4496;0;0;0;0;0;0;0;50;0;50;1;0;3;(-6.4, -0.9, -4.8) (0.0, 0.8, 0.0, 0.6);_;_;_;_;_;(-5.7, -0.3, -0.3) (0.0, -0.7, 0.0, 0.7);_;_;_;_;(-2.9, -0.9, -3.3) (0.0, 1.0, 0.0, 0.0);
13;data/screenshots/13_1_0_3_0_50_50_0_0_1.911378_2.934574_4.63803_5.729432_122.8921_123.1622_171.2906_11.27965_0_0_0_1_0_0_0_50_0_1_4.png;1;0;3;0;50;50;0;0;1.911378;2.934574;4.63803;5.729432;122.8921;123.1622;171.2906;11.27965;0;0;0;1;0;0;0;50;0;50;1;1;4;(-4.0, -0.9, 0.0) (0.0, 0.8, 0.0, -0.6);(-4.0, -0.9, -4.3) (0.0, 0.2, 0.0, 1.0);_;_;_;_;(-5.7, -0.3, -0.3) (0.0, -0.7, 0.0, 0.7);_;_;_;_;(-8.5, -0.9, -0.8) (-0.1, -0.4, 0.0, 0.9);
14;data/screenshots/14_1_0_2_0_50_50_0_0_1.573692_3.108594_3.624058_50_175.3667_143.7248_1000_158.3763_0_0_0_0_1_0_0_50_0_0_3.png;1;0;2;0;50;50;0;0;1.573692;3.108594;3.624058;50;175.3667;143.7248;1000;158.3763;0;0;0;0;1;0;0;50;0;50;0;0;3;(-5.7, -0.9, -3.1) (0.0, 0.7, 0.0, -0.7);(-5.2, -0.9, -4.9) (0.0, 0.3, 0.0, 1.0);_;_;_;_;_;_;_;_;_;(-2.7, -0.9, -2.3) (-0.1, 0.6, 0.1, 0.8);
15;data/screenshots/15_1_0_1_0_50_50_0_0_2.371922_3.915815_50_50_271.0052_1000_1000_67.73953_0_0_0_0_0_0_0_50_0_0_2.png;1;0;1;0;50;50;0;0;2.371922;3.915815;50;50;271.0052;1000;1000;67.73953;0;0;0;0;0;0;0;50;0;50;0;0;2;(-4.3, -0.9, -3.6) (0.0, 0.8, 0.0, -0.6);_;_;_;_;_;_;_;_;_;_;(-7.1, -0.9, -0.8) (0.0, 0.9, 0.0, -0.4);
16;data/screenshots/16_1_0_1_0_50_50_0_0_1.22152_4.045765_50_50_196.4141_1000_1000_34.15363_0_0_0_1_0_0_0_50_0_0_2.png;1;0;1;0;50;50;0;0;1.22152;4.045765;50;50;196.4141;1000;1000;34.15363;0;0;0;1;0;0;0;50;0;50;0;0;2;(-7.8, -0.9, -1.5) (0.0, 0.9, 0.0, 0.5);_;_;_;_;_;_;_;_;_;_;(-5.8, -0.9, -5.1) (0.0, 0.9, 0.0, 0.4);
17;data/screenshots/17_0_1_6_0_50_50_0_0_0_2.142594_2.567755_3.661062_7.003113_113.6328_1.001251_46.15675_1_0_1_0_0_0_0_50_0_0_7.png;0;1;6;0;50;50;0;0;0;2.142594;2.567755;3.661062;7.003113;113.6328;1.001251;46.15675;1;0;1;0;0;0;0;50;0;50;0;0;7;(-3.9, -0.9, -4.0) (0.0, 0.6, 0.0, -0.8);(-7.3, -0.9, -2.2) (0.0, 0.8, 0.0, 0.6);(-2.8, -0.9, -2.6) (0.0, 0.8, 0.0, -0.6);(-4.3, -0.9, -0.7) (0.0, 0.7, 0.0, 0.7);(-3.2, -0.9, -2.0) (0.0, 1.0, 0.0, -0.3);(-8.2, -0.9, -1.0) (0.0, 0.4, 0.0, 0.9);_;_;_;_;_;(-6.5, -0.9, -4.2) (0.0, -0.2, 0.0, 1.0);
18;data/screenshots/18_0_1_6_0_50_50_0_0_0_1.288526_1.581628_2.302838_230.6891_287.9637_345.7528_214.844_0_0_1_0_0_0_0_50_0_0_7.png;0;1;6;0;50;50;0;0;0;1.288526;1.581628;2.302838;230.6891;287.9637;345.7528;214.844;0;0;1;0;0;0;0;50;0;50;0;0;7;(-4.3, -0.9, -1.3) (0.0, 0.5, 0.0, -0.8);(-8.5, -0.9, -0.2) (0.0, 0.9, 0.0, -0.4);(-7.1, -0.9, -0.7) (0.0, 0.8, 0.0, 0.6);(-5.1, -0.9, -3.5) (0.0, 0.8, 0.0, 0.6);(-3.2, -0.9, -4.2) (0.0, 1.0, 0.0, 0.1);(-4.3, -0.9, -3.3) (0.0, 0.9, 0.0, 0.3);_;_;_;_;_;(-2.7, -0.9, -3.0) (0.0, -0.2, 0.0, 1.0);
19;data/screenshots/19_0_1_6_3_0.7484223_3.491238_0_0_0_1.125393_1.937617_2.911825_33.97922_52.14151_188.5208_257.1814_1_0_0_0_1_0_1_1.937617_0_0_7.png;0;1;6;3;0.7484223;3.491238;0;0;0;1.125393;1.937617;2.911825;33.97922;52.14151;188.5208;257.1814;1;0;0;0;1;0;1;1.937617;0;50;0;0;7;(-4.0, -0.9, -1.8) (0.0, 1.0, 0.0, 0.0);(-3.4, -0.9, -2.9) (0.0, -0.5, 0.0, 0.9);(-4.6, -0.9, -2.9) (0.0, 0.5, 0.0, 0.9);(-3.1, -0.9, -4.0) (0.0, 0.9, 0.0, -0.4);(-8.3, -0.9, -1.5) (0.0, 0.9, 0.0, -0.4);_;_;_;(-8.5, -0.9, -0.6) (0.0, 1.0, 0.0, 0.2);_;_;(-7.5, -0.9, -2.2) (0.0, 0.7, 0.0, -0.7);
20;data/screenshots/20_0_1_6_0_50_50_0_0_0_0.4008913_0.8404765_3.051695_180.3365_234.4165_10.98718_141.6802_0_0_1_0_0_0_0_50_0_0_7.png;0;1;6;0;50;50;0;0;0;0.4008913;0.8404765;3.051695;180.3365;234.4165;10.98718;141.6802;0;0;1;0;0;0;0;50;0;50;0;1;7;(-5.8, -0.9, -4.4) (0.0, 1.0, 0.0, -0.1);(-7.2, -0.9, -1.3) (0.0, 0.4, 0.0, -0.9);(-6.3, -0.9, -4.9) (0.0, 0.3, 0.0, -0.9);(-7.4, -0.9, -0.3) (0.0, 0.4, 0.0, -0.9);(-8.4, -0.9, -2.0) (0.0, 0.1, 0.0, -1.0);(-3.0, -0.9, -2.8) (0.0, 0.3, 0.0, -1.0);_;_;_;_;_;(-6.0, -0.9, -4.1) (0.0, -0.3, 0.0, 1.0);
21;data/screenshots/21_1_0_1_0_50_50_0_0_0.8215137_2.464521_50_50_69.91411_1000_1000_59.67429_0_0_0_0_0_0_0_50_1_0_3.png;1;0;1;0;50;50;0;0;0.8215137;2.464521;50;50;69.91411;1000;1000;59.67429;0;0;0;0;0;0;0;50;1;5.451954;0;0;3;(-5.7, -0.9, -3.3) (0.0, 0.3, 0.0, 1.0);_;_;_;_;_;_;_;_;_;(-8.5, -0.9, -2.2) (0.0, 0.4, 0.0, 0.9);(-3.2, -0.9, -3.4) (0.0, 1.0, 0.0, -0.2);
22;data/screenshots/22_1_0_2_0_50_50_0_0_2.155335_5.23825_5.371885_50_5.314392_13.86935_1000_93.98868_1_1_0_0_0_0_0_50_0_0_3.png;1;0;2;0;50;50;0;0;2.155335;5.23825;5.371885;50;5.314392;13.86935;1000;93.98868;1;1;0;0;0;0;0;50;0;50;0;0;3;(-8.1, -0.9, -1.5) (0.0, 0.1, 0.0, -1.0);(-8.1, -0.9, -2.3) (0.0, 0.0, 0.0, 1.0);_;_;_;_;_;_;_;_;_;(-2.9, -0.9, -2.9) (0.0, -0.7, 0.0, 0.7);
23;data/screenshots/23_0_1_1_0_50_50_0_0_0_4.200004_50_50_199.1813_1000_1000_107.17_0_0_0_0_0_0_0_50_1_0_3.png;0;1;1;0;50;50;0;0;0;4.200004;50;50;199.1813;1000;1000;107.17;0;0;0;0;0;0;0;50;1;0.5795665;0;0;3;(-4.3, -0.9, -3.5) (0.0, 1.0, 0.0, -0.1);_;_;_;_;_;_;_;_;_;(-7.7, -0.9, -2.2) (0.0, 0.4, 0.0, -0.9);(-8.0, -0.9, -1.7) (0.0, -0.7, 0.0, 0.7);
24;data/screenshots/24_0_1_6_3_0.5374556_1.082246_0_1_0_0.4242669_0.6446414_1.240534_222.493_338.4697_25.61044_223.3774_0_1_1_0_0_1_0_50_0_0_7.png;0;1;6;3;0.5374556;1.082246;0;1;0;0.4242669;0.6446414;1.240534;222.493;338.4697;25.61044;223.3774;0;1;1;0;0;1;0;50;0;50;0;0;7;(-4.0, -0.9, -2.0) (0.0, 1.0, 0.0, 0.0);(-3.5, -0.9, -2.8) (0.0, -0.5, 0.0, 0.9);(-4.5, -0.9, -2.8) (0.0, 0.5, 0.0, 0.9);(-5.5, -0.9, -3.4) (0.0, 0.5, 0.0, -0.8);(-2.6, -0.9, -2.9) (0.0, 0.7, 0.0, 0.7);(-6.5, -0.9, -3.0) (0.0, 0.1, 0.0, 1.0);_;_;_;_;_;(-2.9, -0.9, -2.6) (0.0, -0.7, 0.0, 0.7);
25;data/screenshots/25_1_0_6_4_0.7033838_0_1_1_2.001783_0.7033839_0.7033839_0.7033839_278_8_98_0_0_1_0_1_1_1_0_50_0_0_7.png;1;0;6;4;0.7033838;0;1;1;2.001783;0.7033839;0.7033839;0.7033839;278;8;98;0;0;1;0;1;1;1;0;50;0;50;0;0;7;(-3.0, -0.9, -2.3) (0.0, 1.0, 0.0, 0.0);(-2.3, -0.9, -3.0) (0.0, -0.7, 0.0, 0.7);(-3.0, -0.9, -3.7) (0.0, 0.0, 0.0, 1.0);(-3.7, -0.9, -3.0) (0.0, 0.7, 0.0, 0.7);(-4.2, -0.9, -2.0) (0.0, 0.1, 0.0, -1.0);(-5.4, -0.9, -3.6) (0.0, 0.9, 0.0, 0.4);_;_;_;_;_;(-3.0, -0.9, -3.0) (0.0, 0.7, 0.0, 0.8);
26;data/screenshots/26_1_0_6_0_50_50_1_0_1.211852_0.4173691_0.4903605_1.559444_199.2418_275.0009_25.97734_357.2418_0_0_1_1_0_1_0_50_0_0_7.png;1;0;6;0;50;50;1;0;1.211852;0.4173691;0.4903605;1.559444;199.2418;275.0009;25.97734;357.2418;0;0;1;1;0;1;0;50;0;50;0;0;7;(-2.9, -0.9, -2.0) (0.0, 0.7, 0.0, -0.7);(-2.6, -0.9, -3.6) (0.0, 0.9, 0.0, -0.4);(-8.0, -0.9, -0.4) (0.0, 0.9, 0.0, -0.4);(-3.0, -0.9, -3.1) (0.0, 1.0, 0.0, -0.2);(-3.9, -0.9, -1.7) (0.0, 0.5, 0.0, 0.9);(-3.8, -0.9, -4.9) (0.0, 0.0, 0.0, 1.0);_;_;_;_;_;(-3.1, -0.9, -3.5) (0.0, 1.0, 0.0, 0.0);
27;data/screenshots/27_0_1_5_0_50_50_1_0_0_0.6974629_2.346784_2.450176_353.4598_120.5097_223.7328_335.4372_1_0_0_1_0_0_1_3.511944_0_0_6.png;0;1;5;0;50;50;1;0;0;0.6974629;2.346784;2.450176;353.4598;120.5097;223.7328;335.4372;1;0;0;1;0;0;1;3.511944;0;50;0;0;6;(-7.6, -0.9, -2.0) (0.0, 1.0, 0.0, 0.1);(-8.5, -0.9, -1.6) (0.0, 0.9, 0.0, 0.4);(-4.0, -0.9, -3.1) (0.0, 0.4, 0.0, 0.9);(-6.6, -0.9, -4.6) (0.0, 0.4, 0.0, 0.9);_;_;_;_;(-7.4, -0.9, -0.6) (0.0, 0.9, 0.0, -0.5);_;_;(-6.3, -0.9, -3.9) (0.0, 1.0, 0.0, -0.2);
28;data/screenshots/28_0_1_0_0_50_50_1_0_0_50_50_50_1000_1000_1000_1000_0_0_0_0_0_0_0_50_0_0_1.png;0;1;0;0;50;50;1;0;0;50;50;50;1000;1000;1000;1000;0;0;0;0;0;0;0;50;0;50;0;0;1;_;_;_;_;_;_;_;_;_;_;_;(-4.1, -0.9, -0.6) (0.0, 1.0, 0.0, -0.2);
29;data/screenshots/29_1_0_6_4_0.851818_0_1_1_0.7849114_0.8518181_0.8518181_0.8518181_197_287_17_0_0_0_1_1_1_1_0_50_0_1_7.png;1;0;6;4;0.851818;0;1;1;0.7849114;0.8518181;0.8518181;0.8518181;197;287;17;0;0;0;1;1;1;1;0;50;0;50;1;0;7;(-3.0, -0.9, -2.1) (0.0, 1.0, 0.0, 0.0);(-2.1, -0.9, -3.0) (0.0, -0.7, 0.0, 0.7);(-3.0, -0.9, -3.9) (0.0, 0.0, 0.0, 1.0);(-3.9, -0.9, -3.0) (0.0, 0.7, 0.0, 0.7);(-4.0, -0.9, -1.9) (0.0, 0.9, 0.0, -0.5);_;(-5.7, -0.3, -0.3) (0.0, -0.7, 0.0, 0.7);_;_;_;_;(-3.0, -0.9, -3.0) (0.0, 1.0, 0.0, 0.1);
30;data/screenshots/30_1_0_7_3_0.7244656_0_1_1_1.983744_0.7244655_0.7244655_0.7244656_58.99999_179_299_0_0_0_0_1_1_0_0_50_0_1_8.png;1;0;7;3;0.7244656;0;1;1;1.983744;0.7244655;0.7244655;0.7244656;58.99999;179;299;0;0;0;0;1;1;0;0;50;0;50;1;0;8;(-5.5, -0.9, -3.3) (0.0, 1.0, 0.0, 0.0);(-4.9, -0.9, -4.4) (0.0, -0.5, 0.0, 0.9);(-6.1, -0.9, -4.4) (0.0, 0.5, 0.0, 0.9);(-4.0, -0.9, -4.0) (0.0, 0.4, 0.0, 0.9);(-4.0, -0.9, -2.2) (0.0, 0.0, 0.0, -1.0);(-3.0, -0.9, -3.5) (0.0, 0.3, 0.0, -1.0);(-5.7, -0.3, -0.3) (0.0, -0.7, 0.0, 0.7);_;_;_;_;(-5.5, -0.9, -4.0) (0.0, 0.5, 0.0, 0.9);
31;data/screenshots/31_1_0_2_3_0.6582849_0_1_1_0.913188_0.6582849_0.6582849_0.658285_241_121_1.000008_0_0_0_1_1_1_0_1_2.055476_0_0_5.png;1;0;2;3;0.6582849;0;1;1;0.913188;0.6582849;0.6582849;0.658285;241;121;1.000008;0;0;0;1;1;1;0;1;2.055476;0;50;0;0;5;(-3.0, -0.9, -2.3) (0.0, 1.0, 0.0, 0.0);(-2.4, -0.9, -3.3) (0.0, -0.5, 0.0, 0.9);(-3.6, -0.9, -3.3) (0.0, 0.5, 0.0, 0.9);_;_;_;_;_;(-4.0, -0.9, -4.8) (0.0, 1.0, 0.0, 0.1);_;_;(-3.0, -0.9, -3.0) (0.0, 0.9, 0.0, 0.5);
32;data/screenshots/32_0_1_5_3_0.5587035_0_1_1_0_0.5587034_0.5587035_0.5587035_111_231_351_0_0_0_1_1_1_1_0_50_1_0_7.png;0;1;5;3;0.5587035;0;1;1;0;0.5587034;0.5587035;0.5587035;111;231;351;0;0;0;1;1;1;1;0;50;1;3.962029;0;0;7;(-5.5, -0.9, -3.4) (0.0, 1.0, 0.0, 0.0);(-5.0, -0.9, -4.3) (0.0, -0.5, 0.0, 0.9);(-6.0, -0.9, -4.3) (0.0, 0.5, 0.0, 0.9);(-7.1, -0.9, -0.3) (0.0, 1.0, 0.0, -0.2);(-3.8, -0.9, -3.7) (0.0, 0.7, 0.0, -0.7);_;_;_;_;_;(-4.1, -0.9, -0.3) (0.0, 1.0, 0.0, -0.3);(-5.5, -0.9, -4.0) (0.0, 0.8, 0.0, -0.6);
33;data/screenshots/33_0_1_0_3_0.8819069_3.406898_0_0_0_2.526752_3.886106_3.958264_178.9124_191.6782_169.2451_175.7948_0_0_0_0_0_0_0_50_0_0_4.png;0;1;0;3;0.8819069;3.406898;0;0;0;2.526752;3.886106;3.958264;178.9124;191.6782;169.2451;175.7948;0;0;0;0;0;0;0;50;0;50;0;0;4;(-3.0, -0.9, -2.1) (0.0, 1.0, 0.0, 0.0);(-2.2, -0.9, -3.4) (0.0, -0.5, 0.0, 0.9);(-3.8, -0.9, -3.4) (0.0, 0.5, 0.0, 0.9);_;_;_;_;_;_;_;_;(-5.9, -0.9, -4.9) (0.0, 0.9, 0.0, -0.5);
34;data/screenshots/34_0_1_3_3_0.9355027_1.111877_0_1_0_0.5955739_1.42295_1.728051_302.7161_41.06149_90.65594_90.32892_0_1_0_0_1_1_2_1.728051_0_0_6.png;0;1;3;3;0.9355027;1.111877;0;1;0;0.5955739;1.42295;1.728051;302.7161;41.06149;90.65594;90.32892;0;1;0;0;1;1;2;1.728051;0;50;0;0;6;(-5.5, -0.9, -3.1) (0.0, 1.0, 0.0, 0.0);(-4.7, -0.9, -4.5) (0.0, -0.5, 0.0, 0.9);(-6.3, -0.9, -4.5) (0.0, 0.5, 0.0, 0.9);_;_;_;_;_;(-4.4, -0.9, -2.2) (0.0, 1.0, 0.0, 0.2);(-3.9, -0.9, -0.9) (0.0, 0.8, 0.0, -0.6);_;(-4.4, -0.9, -4.0) (0.0, -0.7, 0.0, 0.7);
35;data/screenshots/35_1_0_6_3_0.818309_0_1_1_1.051094_0.8183089_0.8183089_0.8183091_22.00001_142_262_0_1_0_0_1_1_0_0_50_0_0_7.png;1;0;6;3;0.818309;0;1;1;1.051094;0.8183089;0.8183089;0.8183091;22.00001;142;262;0;1;0;0;1;1;0;0;50;0;50;0;0;7;(-5.5, -0.9, -3.2) (0.0, 1.0, 0.0, 0.0);(-4.8, -0.9, -4.4) (0.0, -0.5, 0.0, 0.9);(-6.2, -0.9, -4.4) (0.0, 0.5, 0.0, 0.9);(-3.2, -0.9, -2.0) (0.0, 1.0, 0.0, -0.1);(-4.3, -0.9, 0.0) (0.0, 0.8, 0.0, 0.6);(-7.5, -0.9, -1.8) (0.0, 0.2, 0.0, -1.0);_;_;_;_;_;(-5.5, -0.9, -4.0) (0.0, 0.8, 0.0, 0.7);
36;data/screenshots/36_1_0_0_3_0.6089433_3.052976_0_0_1.850663_2.466933_3.272365_3.504326_176.5458_190.311_172.8349_162.418_0_0_0_0_0_0_0_50_0_0_4.png;1;0;0;3;0.6089433;3.052976;0;0;1.850663;2.466933;3.272365;3.504326;176.5458;190.311;172.8349;162.418;0;0;0;0;0;0;0;50;0;50;0;0;4;(-4.0, -0.9, -1.9) (0.0, 1.0, 0.0, 0.0);(-3.5, -0.9, -2.8) (0.0, -0.5, 0.0, 0.9);(-4.5, -0.9, -2.8) (0.0, 0.5, 0.0, 0.9);_;_;_;_;_;_;_;_;(-6.2, -0.9, -4.6) (0.0, 0.9, 0.0, -0.4);
37;data/screenshots/37_0_1_7_5_0.501923_0_1_1_0_0.501923_0.501923_0.501923_268_340_52_0_0_1_0_1_1_1_1_1.513339_0_0_8.png;0;1;7;5;0.501923;0;1;1;0;0.501923;0.501923;0.501923;268;340;52;0;0;1;0;1;1;1;1;1.513339;0;50;0;0;8;(-3.0, -0.9, -2.5) (0.0, 1.0, 0.0, 0.0);(-2.5, -0.9, -2.8) (0.0, -0.8, 0.0, 0.6);(-2.7, -0.9, -3.4) (0.0, -0.3, 0.0, 1.0);(-3.3, -0.9, -3.4) (0.0, 0.3, 0.0, 1.0);(-3.5, -0.9, -2.8) (0.0, 0.8, 0.0, 0.6);(-4.2, -0.9, -1.8) (0.0, 0.1, 0.0, 1.0);_;_;(-3.8, -0.9, -1.7) (0.0, 0.4, 0.0, 0.9);_;_;(-3.0, -0.9, -3.0) (0.0, 1.0, 0.0, 0.1);
38;data/screenshots/38_1_0_5_4_0.5142738_3.930847_0_0_2.574661_1.07007_3.494933_3.700628_52.60666_184.219_173.0874_7.604401_0_0_0_1_0_0_0_50_0_0_6.png;1;0;5;4;0.5142738;3.930847;0;0;2.574661;1.07007;3.494933;3.700628;52.60666;184.219;173.0874;7.604401;0;0;0;1;0;0;0;50;0;50;0;0;6;(-7.5, -0.9, -1.0) (0.0, 1.0, 0.0, 0.0);(-7.0, -0.9, -1.5) (0.0, -0.7, 0.0, 0.7);(-7.5, -0.9, -2.0) (0.0, 0.0, 0.0, 1.0);(-8.0, -0.9, -1.5) (0.0, 0.7, 0.0, 0.7);(-4.0, -0.9, -4.5) (0.0, 0.1, 0.0, -1.0);_;_;_;_;_;_;(-4.1, -0.9, -3.5) (0.0, -0.9, 0.0, -0.5);
39;data/screenshots/39_0_1_2_4_0.9080387_0_1_1_0_0.9080386_0.9080386_0.9080387_224_314_134_0_0_0_0_1_1_0_2_3.045195_0_0_7.png;0;1;2;4;0.9080387;0;1;1;0;0.9080386;0.9080386;0.9080387;224;314;134;0;0;0;0;1;1;0;2;3.045195;0;50;0;0;7;(-7.5, -0.9, -0.6) (0.0, 1.0, 0.0, 0.0);(-6.6, -0.9, -1.5) (0.0, -0.7, 0.0, 0.7);(-7.5, -0.9, -2.4) (0.0, 0.0, 0.0, 1.0);(-8.4, -0.9, -1.5) (0.0, 0.7, 0.0, 0.7);_;_;_;_;(-4.0, -0.9, -3.7) (0.0, 1.0, 0.0, 0.3);(-6.1, -0.9, -4.2) (0.0, 1.0, 0.0, -0.2);_;(-7.5, -0.9, -1.5) (0.0, 0.9, 0.0, -0.4);
40;data/screenshots/40_0_1_5_0_50_50_1_0_0_1.079949_1.133214_1.607641_333.7023_124.7625_346.2617_103.7023_1_0_1_0_1_0_0_50_0_0_6.png;0;1;5;0;50;50;1;0;0;1.079949;1.133214;1.607641;333.7023;124.7625;346.2617;103.7023;1;0;1;0;1;0;0;50;0;50;0;0;6;(-2.7, -0.9, -3.6) (0.0, 0.8, 0.0, -0.7);(-8.1, -0.9, -0.3) (0.0, 0.6, 0.0, 0.8);(-4.0, -0.9, -1.4) (0.0, 0.8, 0.0, 0.5);(-8.3, -0.9, -1.5) (0.0, 0.4, 0.0, -0.9);(-2.6, -0.9, -3.0) (0.0, 0.9, 0.0, -0.4);_;_;_;_;_;_;(-3.1, -0.9, -2.1) (0.0, 1.0, 0.0, 0.0);
41;data/screenshots/41_0_1_5_4_0.7211788_3.706584_0_1_0_2.985803_3.43614_3.754938_0.4123764_47.85962_348.9319_182.1199_1_0_1_0_0_0_0_50_0_0_6.png;0;1;5;4;0.7211788;3.706584;0;1;0;2.985803;3.43614;3.754938;0.4123764;47.85962;348.9319;182.1199;1;0;1;0;0;0;0;50;0;50;0;0;6;(-4.0, -0.9, -1.8) (0.0, 1.0, 0.0, 0.0);(-3.3, -0.9, -2.5) (0.0, -0.7, 0.0, 0.7);(-4.0, -0.9, -3.2) (0.0, 0.0, 0.0, 1.0);(-4.7, -0.9, -2.5) (0.0, 0.7, 0.0, 0.7);(-5.5, -0.9, -5.0) (0.0, 1.0, 0.0, -0.1);_;_;_;_;_;_;(-7.7, -0.9, -2.4) (0.0, 0.7, 0.0, 0.7);
42;data/screenshots/42_0_1_5_4_0.770312_4.468058_0_1_0_0.7404321_3.724031_4.350834_248.0003_2.802643_350.0941_93.67352_0_1_1_0_0_0_0_50_0_0_6.png;0;1;5;4;0.770312;4.468058;0;1;0;0.7404321;3.724031;4.350834;248.0003;2.802643;350.0941;93.67352;0;1;1;0;0;0;0;50;0;50;0;0;6;(-7.5, -0.9, -0.7) (0.0, 1.0, 0.0, 0.0);(-6.7, -0.9, -1.5) (0.0, -0.7, 0.0, 0.7);(-7.5, -0.9, -2.3) (0.0, 0.0, 0.0, 1.0);(-8.3, -0.9, -1.5) (0.0, 0.7, 0.0, 0.7);(-3.1, -0.9, -3.3) (0.0, 0.8, 0.0, -0.6);_;_;_;_;_;_;(-3.2, -0.9, -2.6) (0.0, -0.6, 0.0, 0.8);
43;data/screenshots/43_0_1_5_0_50_50_0_0_0_1.035808_2.554291_3.441372_136.8716_283.172_227.4825_190.5451_0_0_0_0_0_1_2_1.035808_1_0_7.png;0;1;5;0;50;50;0;0;0;1.035808;2.554291;3.441372;136.8716;283.172;227.4825;190.5451;0;0;0;0;0;1;2;1.035808;1;2.608357;0;0;7;(-3.1, -0.9, -2.3) (0.0, 0.1, 0.0, 1.0);(-4.4, -0.9, -0.5) (0.0, 0.2, 0.0, 1.0);(-2.8, -0.9, -4.0) (0.0, 0.7, 0.0, -0.7);_;_;_;_;_;(-4.0, -0.9, -3.4) (0.0, 0.0, 0.0, -1.0);(-7.4, -0.9, -2.6) (0.0, 0.5, 0.0, -0.9);(-8.6, -0.9, -1.5) (0.0, 0.1, 0.0, -1.0);(-6.6, -0.9, -3.2) (0.0, 1.0, 0.0, 0.1);
44;data/screenshots/44_0_1_2_0_50_50_0_0_0_1.338187_1.610201_50_171.5436_142.4297_1000_77.08875_0_0_0_0_0_0_2_1.338187_1_0_4.png;0;1;2;0;50;50;0;0;0;1.338187;1.610201;50;171.5436;142.4297;1000;77.08875;0;0;0;0;0;0;2;1.338187;1;2.781317;0;0;4;_;_;_;_;_;_;_;_;(-2.7, -0.9, -2.7) (0.0, 1.0, 0.0, -0.1);(-3.1, -0.9, -3.4) (0.0, 0.9, 0.0, -0.4);(-6.1, -0.9, -4.8) (0.0, 0.7, 0.0, -0.7);(-4.3, -0.9, -2.7) (0.0, -0.4, 0.0, 0.9);
45;data/screenshots/45_1_0_6_3_0.8810872_5.494409_0_1_2.197381_2.484393_4.032952_4.205542_323.4767_350.9698_344.601_349.4192_1_1_1_1_1_0_0_50_0_1_7.png;1;0;6;3;0.8810872;5.494409;0;1;2.197381;2.484393;4.032952;4.205542;323.4767;350.9698;344.601;349.4192;1;1;1;1;1;0;0;50;0;50;1;0;7;(-3.0, -0.9, -2.1) (0.0, 1.0, 0.0, 0.0);(-2.2, -0.9, -3.4) (0.0, -0.5, 0.0, 0.9);(-3.8, -0.9, -3.4) (0.0, 0.5, 0.0, 0.9);(-3.9, -0.9, -1.4) (0.0, 0.2, 0.0, 1.0);(-4.1, -0.9, -1.8) (0.0, 0.5, 0.0, -0.8);_;(-5.7, -0.3, -0.3) (0.0, -0.7, 0.0, 0.7);_;_;_;_;(-8.0, -0.9, -0.8) (0.0, 0.8, 0.0, 0.5);
46;data/screenshots/46_1_0_5_0_50_50_0_0_2.829013_0.7601658_1.30617_3.535275_132.3489_174.7976_222.7352_266.2749_0_0_0_0_0_0_0_50_0_1_6.png;1;0;5;0;50;50;0;0;2.829013;0.7601658;1.30617;3.535275;132.3489;174.7976;222.7352;266.2749;0;0;0;0;0;0;0;50;0;50;1;0;6;(-3.9, -0.9, -2.4) (0.0, 0.9, 0.0, -0.5);(-3.0, -0.9, -2.7) (0.0, 0.9, 0.0, 0.5);(-8.3, -0.9, -2.6) (0.0, 1.0, 0.0, 0.1);(-8.3, -0.9, -1.8) (0.0, 0.6, 0.0, 0.8);_;_;(-5.7, -0.3, -0.3) (0.0, -0.7, 0.0, 0.7);_;_;_;_;(-2.7, -0.9, -2.0) (-0.1, 0.6, 0.1, 0.8);
47;data/screenshots/47_1_0_1_0_50_50_0_0_1.652472_2.87944_50_50_13.51187_1000_1000_162.1731_1_0_0_0_0_0_0_50_0_0_2.png;1;0;1;0;50;50;0;0;1.652472;2.87944;50;50;13.51187;1000;1000;162.1731;1;0;0;0;0;0;0;50;0;50;0;0;2;(-8.2, -0.9, -1.0) (0.0, 0.3, 0.0, -1.0);_;_;_;_;_;_;_;_;_;_;(-6.1, -0.9, -3.0) (-0.1, -0.5, 0.0, 0.9);
48;data/screenshots/48_1_0_7_3_0.5115319_4.975489_0_0_1.240421_1.286352_2.879707_3.855634_201.9093_131.9685_159.7664_294.8349_0_0_0_0_0_0_1_5.008534_0_2_8.png;1;0;7;3;0.5115319;4.975489;0;0;1.240421;1.286352;2.879707;3.855634;201.9093;131.9685;159.7664;294.8349;0;0;0;0;0;0;1;5.008534;0;50;2;0;8;(-5.5, -0.9, -3.5) (0.0, 1.0, 0.0, 0.0);(-5.1, -0.9, -4.3) (0.0, -0.5, 0.0, 0.9);(-5.9, -0.9, -4.3) (0.0, 0.5, 0.0, 0.9);(-8.2, -0.9, -1.3) (0.0, 0.4, 0.0, 0.9);_;_;(-5.7, -0.3, -0.3) (0.0, -0.7, 0.0, 0.7);(-5.3, -0.7, -2.1) (0.0, -0.8, 0.0, 0.7);(-5.1, -0.9, -3.7) (0.0, 0.3, 0.0, -1.0);_;_;(-8.5, -0.9, 0.0) (0.0, 0.3, 0.0, -0.9);
49;data/screenshots/49_1_0_3_0_50_50_0_0_2.058575_1.374828_1.472539_2.339392_101.8119_349.5122_10.05711_53.50388_0_1_1_0_0_0_0_50_0_0_4.png;1;0;3;0;50;50;0;0;2.058575;1.374828;1.472539;2.339392;101.8119;349.5122;10.05711;53.50388;0;1;1;0;0;0;0;50;0;50;0;0;4;(-5.4, -0.9, -3.4) (0.0, 0.1, 0.0, -1.0);(-2.7, -0.9, -4.0) (0.0, 0.2, 0.0, -1.0);(-3.0, -0.9, -3.0) (0.0, 0.2, 0.0, 1.0);_;_;_;_;_;_;_;_;(-4.4, -0.9, -2.5) (0.0, 0.9, 0.0, 0.5);
50;data/screenshots/50_0_1_4_0_50_50_0_0_0_0.8197964_3.330902_3.918563_207.8851_120.8729_196.265_275.0893_0_0_0_0_0_0_0_50_0_1_5.png;0;1;4;0;50;50;0;0;0;0.8197964;3.330902;3.918563;207.8851;120.8729;196.265;275.0893;0;0;0;0;0;0;0;50;0;50;1;0;5;(-3.2, -0.9, -2.0) (0.0, 0.9, 0.0, -0.4);(-7.0, -0.9, -0.3) (0.0, 0.1, 0.0, 1.0);(-5.3, -0.9, -4.7) (0.0, 0.8, 0.0, -0.6);_;_;_;(-5.7, -0.3, -0.3) (0.0, -0.7, 0.0, 0.7);_;_;_;_;(-2.7, -0.9, -2.7) (0.0, 0.8, 0.0, 0.6);
51;data/screenshots/51_0_1_5_0_50_50_0_0_0_0.9408947_2.054899_2.099431_143.1596_263.2661_235.7139_78.62878_0_0_0_0_0_0_0_50_0_0_6.png;0;1;5;0;50;50;0;0;0;0.9408947;2.054899;2.099431;143.1596;263.2661;235.7139;78.62878;0;0;0;0;0;0;0;50;0;50;0;1;6;(-3.1, -0.9, -2.2) (0.0, 1.0, 0.0, -0.1);(-5.1, -0.9, -3.9) (0.0, 0.6, 0.0, -0.8);(-8.4, -0.9, -0.5) (0.0, 1.0, 0.0, 0.2);(-5.9, -0.9, -3.3) (0.0, 1.0, 0.0, 0.0);(-4.2, -0.9, -4.2) (0.0, 1.0, 0.0, -0.2);_;_;_;_;_;_;(-4.0, -0.9, -2.2) (-0.1, -0.4, 0.0, 0.9);
52;data/screenshots/52_0_1_0_0_50_50_0_0_0_50_50_50_1000_1000_1000_1000_0_0_0_0_0_0_0_50_0_0_1.png;0;1;0;0;50;50;0;0;0;50;50;50;1000;1000;1000;1000;0;0;0;0;0;0;0;50;0;50;0;0;1;_;_;_;_;_;_;_;_;_;_;_;(-4.2, -0.9, -1.7) (0.0, 1.0, 0.0, 0.0);
53;data/screenshots/53_0_1_5_4_0.9891353_2.39579_0_0_0_1.654452_1.997237_2.036241_198.9312_107.0847_155.9194_231.7958_0_0_0_0_0_0_0_50_0_0_6.png;0;1;5;4;0.9891353;2.39579;0;0;0;1.654452;1.997237;2.036241;198.9312;107.0847;155.9194;231.7958;0;0;0;0;0;0;0;50;0;50;0;0;6;(-5.5, -0.9, -3.0) (0.0, 1.0, 0.0, 0.0);(-4.5, -0.9, -4.0) (0.0, -0.7, 0.0, 0.7);(-5.5, -0.9, -5.0) (0.0, 0.0, 0.0, 1.0);(-6.5, -0.9, -4.0) (0.0, 0.7, 0.0, 0.7);(-2.9, -0.9, -3.5) (0.0, 0.7, 0.0, -0.7);_;_;_;_;_;_;(-4.2, -0.9, -2.0) (0.0, -0.3, 0.0, -1.0);
54;data/screenshots/54_0_1_5_3_0.925987_0_1_1_0_0.9259869_0.925987_0.9259873_207_87_327_0_0_0_1_1_0_1_0_50_0_1_6.png;0;1;5;3;0.925987;0;1;1;0;0.9259869;0.925987;0.9259873;207;87;327;0;0;0;1;1;0;1;0;50;0;50;1;0;6;(-5.5, -0.9, -3.1) (0.0, 1.0, 0.0, 0.0);(-4.7, -0.9, -4.5) (0.0, -0.5, 0.0, 0.9);(-6.3, -0.9, -4.5) (0.0, 0.5, 0.0, 0.9);(-2.9, -0.9, -2.9) (0.0, 1.0, 0.0, 0.2);_;_;(-5.7, -0.3, -0.3) (0.0, -0.7, 0.0, 0.7);_;_;_;_;(-5.5, -0.9, -4.0) (0.0, 0.7, 0.0, -0.7);
55;data/screenshots/55_0_1_0_3_0.5830422_0_1_1_0_0.5830421_0.5830421_0.5830421_125_245_5_0_0_0_1_1_1_1_0_50_0_0_4.png;0;1;0;3;0.5830422;0;1;1;0;0.5830421;0.5830421;0.5830421;125;245;5;0;0;0;1;1;1;1;0;50;0;50;0;0;4;(-3.0, -0.9, -2.4) (0.0, 1.0, 0.0, 0.0);(-2.5, -0.9, -3.3) (0.0, -0.5, 0.0, 0.9);(-3.5, -0.9, -3.3) (0.0, 0.5, 0.0, 0.9);_;_;_;_;_;_;_;_;(-3.0, -0.9, -3.0) (0.0, 0.9, 0.0, -0.5);
56;data/screenshots/56_1_0_1_3_0.9041517_4.662016_0_0_1.830528_4.160722_4.410553_5.557974_189.8008_169.0096_181.367_241.368_0_0_0_0_1_0_0_50_0_0_4.png;1;0;1;3;0.9041517;4.662016;0;0;1.830528;4.160722;4.410553;5.557974;189.8008;169.0096;181.367;241.368;0;0;0;0;1;0;0;50;0;50;0;0;4;(-3.0, -0.9, -2.1) (0.0, 1.0, 0.0, 0.0);(-2.2, -0.9, -3.5) (0.0, -0.5, 0.0, 0.9);(-3.8, -0.9, -3.5) (0.0, 0.5, 0.0, 0.9);_;_;_;_;_;_;_;_;(-7.3, -0.9, -1.3) (0.0, 0.6, 0.0, -0.8);
57;data/screenshots/57_1_0_1_3_0.7057391_0_1_1_2.018199_0.705739_0.705739_0.7057391_39.00001_159_279_0_1_0_0_1_1_0_0_50_0_0_4.png;1;0;1;3;0.7057391;0;1;1;2.018199;0.705739;0.705739;0.7057391;39.00001;159;279;0;1;0;0;1;1;0;0;50;0;50;0;0;4;(-4.0, -0.9, -1.8) (0.0, 1.0, 0.0, 0.0);(-3.4, -0.9, -2.9) (0.0, -0.5, 0.0, 0.9);(-4.6, -0.9, -2.9) (0.0, 0.5, 0.0, 0.9);_;_;_;_;_;_;_;_;(-4.0, -0.9, -2.5) (0.0, 0.6, 0.0, 0.8);
58;data/screenshots/58_0_1_5_0_50_50_1_0_0_0.7789187_2.027318_2.881348_212.345_46.20264_109.7166_82.345_0_0_0_0_1_0_1_2.881348_0_0_6.png;0;1;5;0;50;50;1;0;0;0.7789187;2.027318;2.881348;212.345;46.20264;109.7166;82.345;0;0;0;0;1;0;1;2.881348;0;50;0;0;6;(-3.1, -0.9, -3.7) (0.0, 1.0, 0.0, -0.1);(-5.8, -0.9, -3.1) (0.0, 0.9, 0.0, -0.4);(-7.4, -0.9, -0.7) (0.0, 0.3, 0.0, 1.0);(-7.3, -0.9, 0.0) (0.0, 0.1, 0.0, 1.0);_;_;_;_;(-4.4, -0.9, -0.8) (0.0, 0.9, 0.0, 0.3);_;_;(-3.9, -0.9, -3.6) (0.0, 0.9, 0.0, -0.5);
59;data/screenshots/59_1_0_8_0_50_50_1_0_1.892855_1.369476_1.788674_2.122901_303.9727_60.93359_358.8512_41.68926_0_0_1_1_0_0_1_2.881601_0_2_9.png;1;0;8;0;50;50;1;0;1.892855;1.369476;1.788674;2.122901;303.9727;60.93359;358.8512;41.68926;0;0;1;1;0;0;1;2.881601;0;50;2;0;9;(-4.4, -0.9, -2.7) (0.0, 0.0, 0.0, -1.0);(-5.3, -0.9, -4.2) (0.0, 0.6, 0.0, 0.8);(-2.6, -0.9, -3.6) (0.0, 0.0, 0.0, 1.0);(-2.9, -0.9, -2.7) (0.0, 0.4, 0.0, 0.9);(-4.4, -0.9, -2.0) (0.0, 1.0, 0.0, -0.3);_;(-5.7, -0.3, -0.3) (0.0, -0.7, 0.0, 0.7);(-5.3, -0.7, -2.1) (0.0, -0.8, 0.0, 0.7);(-2.9, -0.9, -2.1) (0.0, 0.1, 0.0, -1.0);_;_;(-4.0, -0.9, -4.8) (0.0, -0.1, 0.0, 1.0);
60;data/screenshots/60_1_0_1_0_50_50_1_0_1.144013_4.456846_50_50_228.0802_1000_1000_272.7304_0_0_0_0_0_0_0_50_0_0_2.png;1;0;1;0;50;50;1;0;1.144013;4.456846;50;50;228.0802;1000;1000;272.7304;0;0;0;0;0;0;0;50;0;50;0;0;2;(-7.6, -0.9, -1.4) (0.0, 1.0, 0.0, -0.1);_;_;_;_;_;_;_;_;_;_;(-3.2, -0.9, -2.1) (0.0, 0.4, 0.0, 0.9);
61;data/screenshots/61_0_1_5_0_50_50_1_0_0_0.6930044_1.111235_1.889481_78.28876_53.89288_236.2481_285.0191_0_0_0_0_0_1_0_50_0_0_6.png;0;1;5;0;50;50;1;0;0;0.6930044;1.111235;1.889481;78.28876;53.89288;236.2481;285.0191;0;0;0;0;0;1;0;50;0;50;0;0;6;(-7.5, -0.9, -0.1) (0.0, 0.8, 0.0, 0.6);(-3.9, -0.9, -1.4) (0.0, 0.8, 0.0, -0.6);(-4.4, -0.9, -1.1) (0.0, 0.1, 0.0, 1.0);(-3.8, -0.9, -5.0) (0.0, 0.5, 0.0, 0.9);(-3.1, -0.9, -3.8) (0.0, 0.1, 0.0, 1.0);_;_;_;_;_;_;(-3.9, -0.9, -2.1) (0.0, -0.7, 0.0, 0.8);
62;data/screenshots/62_0_1_0_0_50_50_1_0_0_50_50_50_1000_1000_1000_1000_0_0_0_0_0_0_0_50_1_0_2.png;0;1;0;0;50;50;1;0;0;50;50;50;1000;1000;1000;1000;0;0;0;0;0;0;0;50;1;4.066605;0;0;2;_;_;_;_;_;_;_;_;_;_;(-6.1, -0.9, -4.9) (0.0, 0.9, 0.0, 0.3);(-8.6, -0.9, -1.7) (0.0, 1.0, 0.0, 0.2);
63;data/screenshots/63_1_0_6_0_50_50_1_0_1.226073_2.462156_3.650315_4.784338_343.7494_341.6852_326.6909_240.7279_1_1_1_0_1_0_0_50_1_0_8.png;1;0;6;0;50;50;1;0;1.226073;2.462156;3.650315;4.784338;343.7494;341.6852;326.6909;240.7279;1;1;1;0;1;0;0;50;1;5.739505;0;0;8;(-3.2, -0.9, -3.6) (0.0, 1.0, 0.0, 0.2);(-3.0, -0.9, -2.2) (0.0, 0.3, 0.0, -0.9);(-5.5, -0.9, -4.0) (0.0, 0.2, 0.0, -1.0);(-3.9, -0.9, -3.9) (0.0, 0.6, 0.0, -0.8);(-2.7, -0.9, -3.2) (0.0, 0.5, 0.0, -0.9);(-6.4, -0.9, -3.2) (0.0, 0.6, 0.0, 0.8);_;_;_;_;(-2.9, -0.9, -3.9) (0.0, 1.0, 0.0, 0.0);(-8.0, -0.9, -1.4) (0.0, 1.0, 0.0, 0.2);
64;data/screenshots/64_0_1_6_3_0.6385046_1.46942_0_0_0_1.194662_1.313512_1.358569_205.1252_2.511787_154.2855_257.7272_0_1_0_0_0_1_0_50_0_0_7.png;0;1;6;3;0.6385046;1.46942;0;0;0;1.194662;1.313512;1.358569;205.1252;2.511787;154.2855;257.7272;0;1;0;0;0;1;0;50;0;50;0;0;7;(-5.5, -0.9, -3.4) (0.0, 1.0, 0.0, 0.0);(-4.9, -0.9, -4.3) (0.0, -0.5, 0.0, 0.9);(-6.1, -0.9, -4.3) (0.0, 0.5, 0.0, 0.9);(-3.3, -0.9, -2.4) (0.0, 1.0, 0.0, 0.0);(-7.0, -0.9, -2.0) (0.0, 1.0, 0.0, -0.2);(-7.8, -0.9, -1.0) (0.0, 0.5, 0.0, 0.9);_;_;_;_;_;(-4.3, -0.9, -3.1) (0.0, -0.4, 0.0, -0.9);
65;data/screenshots/65_0_1_4_0_50_50_0_0_0_0.9489005_1.326954_2.441474_16.31169_90.97736_242.8387_229.4254_1_0_0_0_1_0_0_50_0_0_5.png;0;1;4;0;50;50;0;0;0;0.9489005;1.326954;2.441474;16.31169;90.97736;242.8387;229.4254;1;0;0;0;1;0;0;50;0;50;0;0;5;(-5.2, -0.9, -3.1) (0.0, 0.2, 0.0, 1.0);(-8.3, -0.9, -2.2) (0.0, 0.1, 0.0, -1.0);(-5.4, -0.9, -4.5) (0.0, 0.3, 0.0, -1.0);(-3.9, -0.9, 0.0) (0.0, 0.3, 0.0, 1.0);_;_;_;_;_;_;_;(-6.1, -0.9, -3.4) (0.0, 0.5, 0.0, 0.9);
66;data/screenshots/66_1_0_3_0_50_50_0_0_2.632606_0.7858546_2.003997_2.787809_72.94186_308.6094_228.9049_172.033_0_0_0_0_0_0_0_50_0_0_4.png;1;0;3;0;50;50;0;0;2.632606;0.7858546;2.003997;2.787809;72.94186;308.6094;228.9049;172.033;0;0;0;0;0;0;0;50;0;50;0;0;4;(-4.2, -0.9, -0.3) (0.0, 1.0, 0.0, -0.3);(-3.0, -0.9, -3.2) (0.0, 0.7, 0.0, 0.7);(-5.5, -0.9, -3.6) (0.0, 0.9, 0.0, -0.4);_;_;_;_;_;_;_;_;(-5.0, -0.9, -3.0) (0.0, 1.0, 0.0, 0.3);
67;data/screenshots/67_0_1_3_0_50_50_0_0_0_5.56418_6.133714_6.264909_251.1572_254.5772_264.2477_90.19019_0_0_0_0_0_0_0_50_0_0_4.png;0;1;3;0;50;50;0;0;0;5.56418;6.133714;6.264909;251.1572;254.5772;264.2477;90.19019;0;0;0;0;0;0;0;50;0;50;0;0;4;(-3.1, -0.9, -4.1) (0.0, 0.6, 0.0, -0.8);(-2.7, -0.9, -3.1) (0.0, 1.0, 0.0, 0.1);(-3.1, -0.9, -2.6) (0.0, 1.0, 0.0, -0.2);_;_;_;_;_;_;_;_;(-8.3, -0.9, -0.7) (0.0, 0.9, 0.0, -0.3);
68;data/screenshots/68_0_1_0_0_50_50_0_0_0_50_50_50_1000_1000_1000_1000_0_0_0_0_0_0_0_50_0_0_1.png;0;1;0;0;50;50;0;0;0;50;50;50;1000;1000;1000;1000;0;0;0;0;0;0;0;50;0;50;0;0;1;_;_;_;_;_;_;_;_;_;_;_;(-7.6, -0.9, -1.3) (0.0, 0.8, 0.0, 0.6);
69;data/screenshots/69_1_0_7_3_0.9607316_0_1_1_1.833671_0.9607315_0.9607315_0.9607315_71_191_311_0_0_0_0_1_1_1_2_2.785811_0_0_8.png;1;0;7;3;0.9607316;0;1;1;1.833671;0.9607315;0.9607315;0.9607315;71;191;311;0;0;0;0;1;1;1;2;2.785811;0;50;0;1;8;(-5.5, -0.9, -3.0) (0.0, 1.0, 0.0, 0.0);(-4.7, -0.9, -4.5) (0.0, -0.5, 0.0, 0.9);(-6.3, -0.9, -4.5) (0.0, 0.5, 0.0, 0.9);(-3.1, -0.9, -2.9) (0.0, 0.8, 0.0, 0.6);(-3.2, -0.9, -4.2) (0.0, 1.0, 0.0, -0.2);_;_;_;(-2.7, -0.9, -3.6) (0.0, 0.4, 0.0, 0.9);(-8.2, -0.9, -2.4) (0.0, 0.9, 0.0, 0.5);_;(-5.5, -0.9, -4.0) (0.0, 0.6, 0.0, -0.8);
70;data/screenshots/70_1_0_5_0_50_50_1_0_0.8670055_1.486753_2.561611_3.142781_264.5404_329.8282_311.1099_233.5404_0_1_0_0_1_0_0_50_0_0_6.png;1;0;5;0;50;50;1;0;0.8670055;1.486753;2.561611;3.142781;264.5404;329.8282;311.1099;233.5404;0;1;0;0;1;0;0;50;0;50;0;0;6;(-5.1, -0.9, -3.4) (0.0, 0.7, 0.0, -0.7);(-4.4, -0.9, -4.3) (0.0, 0.3, 0.0, 0.9);(-2.9, -0.9, -2.4) (0.0, 0.7, 0.0, 0.7);(-5.6, -0.9, -4.2) (0.0, 1.0, 0.0, 0.1);(-6.3, -0.9, -3.1) (0.0, 1.0, 0.0, -0.3);_;_;_;_;_;_;(-3.8, -0.9, -1.2) (0.0, 0.9, 0.0, -0.5);
71;data/screenshots/71_0_1_5_0_50_50_1_0_0_1.427748_3.838486_5.889567_352.3256_352.1389_311.0408_289.866_1_1_0_0_1_0_0_50_0_0_6.png;0;1;5;0;50;50;1;0;0;1.427748;3.838486;5.889567;352.3256;352.1389;311.0408;289.866;1;1;0;0;1;0;0;50;0;50;0;0;6;(-3.0, -0.9, -4.0) (0.0, 0.8, 0.0, 0.6);(-7.6, -0.9, -2.5) (0.0, 0.2, 0.0, 1.0);(-5.9, -0.9, -4.3) (0.0, 0.4, 0.0, -0.9);(-2.8, -0.9, -2.9) (0.0, 0.6, 0.0, 0.8);(-2.7, -0.9, -2.0) (0.0, 1.0, 0.0, 0.1);_;_;_;_;_;_;(-8.6, -0.9, -1.5) (0.0, 1.0, 0.0, 0.3);
72;data/screenshots/72_0_1_4_0_50_50_1_0_0_0.5345421_4.304461_4.621904_309.9614_342.7127_18.90028_231.5427_0_1_1_0_0_0_0_50_0_0_5.png;0;1;4;0;50;50;1;0;0;0.5345421;4.304461;4.621904;309.9614;342.7127;18.90028;231.5427;0;1;1;0;0;0;0;50;0;50;0;0;5;(-8.2, -0.9, -1.3) (0.0, 0.1, 0.0, -1.0);(-3.8, -0.9, -3.2) (0.0, 1.0, 0.0, -0.3);(-4.4, -0.9, -3.6) (0.0, 0.3, 0.0, -1.0);(-4.4, -0.9, -0.8) (0.0, 0.5, 0.0, 0.9);_;_;_;_;_;_;_;(-8.6, -0.9, -1.7) (0.0, 0.7, 0.0, 0.7);
73;data/screenshots/73_1_0_2_0_50_50_1_0_1.020052_1.645359_3.928841_50_108.4781_109.2792_1000_123.7721_0_0_0_0_0_0_0_50_0_0_3.png;1;0;2;0;50;50;1;0;1.020052;1.645359;3.928841;50;108.4781;109.2792;1000;123.7721;0;0;0;0;0;0;0;50;0;50;0;0;3;(-4.3, -0.9, -4.4) (0.0, 0.5, 0.0, -0.9);(-4.0, -0.9, -2.2) (0.0, 0.9, 0.0, -0.5);_;_;_;_;_;_;_;_;_;(-3.8, -0.9, -0.6) (0.0, 0.6, 0.0, 0.8);
74;data/screenshots/74_1_0_3_0_50_50_1_0_1.517637_2.069939_2.413973_4.511237_335.4102_352.8412_6.246902_215.1822_1_1_1_0_0_1_0_50_0_0_4.png;1;0;3;0;50;50;1;0;1.517637;2.069939;2.413973;4.511237;335.4102;352.8412;6.246902;215.1822;1;1;1;0;0;1;0;50;0;50;0;0;4;(-3.2, -0.9, -2.3) (0.0, 0.9, 0.0, 0.4);(-3.9, -0.9, -2.7) (0.0, 0.5, 0.0, -0.8);(-4.9, -0.9, -4.7) (0.0, 0.2, 0.0, 1.0);_;_;_;_;_;_;_;_;(-3.9, -0.9, -0.3) (0.0, 1.0, 0.0, -0.1);
75;data/screenshots/75_0_1_4_0_50_50_1_0_0_3.604798_3.778577_4.454057_187.0799_178.217_139.5933_193.0988_0_0_0_0_0_0_2_3.778577_0_1_5.png;0;1;4;0;50;50;1;0;0;3.604798;3.778577;4.454057;187.0799;178.217;139.5933;193.0988;0;0;0;0;0;0;2;3.778577;0;50;1;0;5;(-3.8, -0.9, -1.6) (0.0, 0.1, 0.0, 1.0);_;_;_;_;_;(-5.7, -0.3, -0.3) (0.0, -0.7, 0.0, 0.7);_;(-4.3, -0.9, -1.3) (0.0, 0.8, 0.0, -0.6);(-7.1, -0.9, -1.0) (0.0, 0.8, 0.0, -0.6);_;(-5.1, -0.9, -5.0) (0.0, 1.0, 0.0, -0.1);
76;data/screenshots/76_0_1_3_0_50_50_1_0_0_1.108021_2.190458_4.052429_316.3377_130.7045_340.9368_306.95_0_0_1_0_0_0_0_50_0_0_4.png;0;1;3;0;50;50;1;0;0;1.108021;2.190458;4.052429;316.3377;130.7045;340.9368;306.95;0;0;1;0;0;0;0;50;0;50;0;0;4;(-5.9, -0.9, -3.2) (0.0, 1.0, 0.0, 0.2);(-7.8, -0.9, -0.8) (0.0, 0.8, 0.0, 0.5);(-2.8, -0.9, -4.1) (0.0, 0.6, 0.0, 0.8);_;_;_;_;_;_;_;_;(-4.9, -0.9, -3.6) (0.0, -0.2, 0.0, 1.0);
77;data/screenshots/77_0_1_2_0_50_50_1_0_0_2.408012_4.59769_50_141.5498_173.4024_1000_115.8667_0_0_0_0_1_0_0_50_1_0_4.png;0;1;2;0;50;50;1;0;0;2.408012;4.59769;50;141.5498;173.4024;1000;115.8667;0;0;0;0;1;0;0;50;1;1.114888;0;0;4;(-5.3, -0.9, -3.5) (0.0, 0.4, 0.0, -0.9);(-7.7, -0.9, -1.9) (0.0, 0.6, 0.0, 0.8);_;_;_;_;_;_;_;_;(-4.2, -0.9, -3.0) (0.0, 1.0, 0.0, 0.1);(-3.2, -0.9, -2.4) (0.0, 0.8, 0.0, 0.6);
78;data/screenshots/78_0_1_4_3_0.6247438_0_1_1_0_0.6247435_0.6247435_0.6247437_132_252_12_0_0_0_1_1_1_0_0_50_0_0_5.png;0;1;4;3;0.6247438;0;1;1;0;0.6247435;0.6247435;0.6247437;132;252;12;0;0;0;1;1;1;0;0;50;0;50;0;0;5;(-5.5, -0.9, -3.4) (0.0, 1.0, 0.0, 0.0);(-5.0, -0.9, -4.3) (0.0, -0.5, 0.0, 0.9);(-6.0, -0.9, -4.3) (0.0, 0.5, 0.0, 0.9);(-7.0, -0.9, -0.3) (0.0, 0.2, 0.0, -1.0);_;_;_;_;_;_;_;(-5.5, -0.9, -4.0) (0.0, 0.1, 0.0, -1.0);
79;data/screenshots/79_0_1_6_0_50_50_1_0_0_0.6601877_1.036931_1.337279_294.923_19.81793_347.0358_317.923_0_1_1_0_0_0_2_0.6601877_1_0_8.png;0;1;6;0;50;50;1;0;0;0.6601877;1.036931;1.337279;294.923;19.81793;347.0358;317.923;0;1;1;0;0;0;2;0.6601877;1;2.854063;0;0;8;(-6.1, -0.9, -4.3) (0.0, 1.0, 0.0, 0.0);(-2.8, -0.9, -3.8) (0.0, 0.3, 0.0, 1.0);(-6.1, -0.9, -3.6) (0.0, 0.6, 0.0, -0.8);(-5.2, -0.9, -5.0) (0.0, 0.7, 0.0, 0.7);_;_;_;_;(-5.0, -0.9, -4.0) (0.0, 0.3, 0.0, 0.9);(-4.2, -0.9, -1.6) (0.0, 0.4, 0.0, -0.9);(-7.7, -0.9, -2.4) (0.0, 0.9, 0.0, -0.3);(-5.1, -0.9, -3.4) (0.0, -0.9, 0.0, 0.5);
80;data/screenshots/80_1_0_3_0_50_50_1_0_2.924771_2.032642_4.584249_5.145231_186.9498_285.1428_278.4426_63.87283_0_0_0_0_1_0_0_50_0_0_4.png;1;0;3;0;50;50;1;0;2.924771;2.032642;4.584249;5.145231;186.9498;285.1428;278.4426;63.87283;0;0;0;0;1;0;0;50;0;50;0;0;4;(-3.8, -0.9, -3.1) (0.0, 0.6, 0.0, 0.8);(-3.1, -0.9, -2.6) (0.0, 0.7, 0.0, -0.7);(-8.2, -0.9, -0.3) (0.0, 0.9, 0.0, 0.5);_;_;_;_;_;_;_;_;(-8.3, -0.9, -2.3) (0.0, 1.0, 0.0, 0.0);
81;data/screenshots/81_1_0_1_0_50_50_1_0_1.431082_3.036234_50_50_278.5757_1000_1000_36.4485_0_0_0_1_0_0_0_50_0_0_2.png;1;0;1;0;50;50;1;0;1.431082;3.036234;50;50;278.5757;1000;1000;36.4485;0;0;0;1;0;0;0;50;0;50;0;0;2;(-5.8, -0.9, -3.1) (0.0, 0.5, 0.0, 0.8);_;_;_;_;_;_;_;_;_;_;(-2.8, -0.9, -3.6) (0.0, 0.0, 0.0, 1.0);
82;data/screenshots/82_1_0_6_3_0.7733958_0_1_1_2.247059_0.7733957_0.7733958_0.773396_252_132_12_0_0_0_1_1_0_1_0_50_0_0_7.png;1;0;6;3;0.7733958;0;1;1;2.247059;0.7733957;0.7733958;0.773396;252;132;12;0;0;0;1;1;0;1;0;50;0;50;0;0;7;(-7.5, -0.9, -0.7) (0.0, 1.0, 0.0, 0.0);(-6.8, -0.9, -1.9) (0.0, -0.5, 0.0, 0.9);(-8.2, -0.9, -1.9) (0.0, 0.5, 0.0, 0.9);(-2.9, -0.9, -2.9) (0.0, 1.0, 0.0, -0.1);(-2.8, -0.9, -4.1) (0.0, 0.9, 0.0, 0.4);(-5.8, -0.9, -4.8) (0.0, 0.7, 0.0, -0.7);_;_;_;_;_;(-7.5, -0.9, -1.5) (0.0, 0.9, 0.0, -0.4);
83;data/screenshots/83_1_0_2_3_0.9261656_3.099482_0_1_2.853963_2.542898_2.982528_4.003986_344.848_17.38002_356.7608_118.9872_1_1_1_0_0_0_0_50_0_0_4.png;1;0;2;3;0.9261656;3.099482;0;1;2.853963;2.542898;2.982528;4.003986;344.848;17.38002;356.7608;118.9872;1;1;1;0;0;0;0;50;0;50;0;0;4;(-5.5, -0.9, -3.1) (0.0, 1.0, 0.0, 0.0);(-4.7, -0.9, -4.5) (0.0, -0.5, 0.0, 0.9);(-6.3, -0.9, -4.5) (0.0, 0.5, 0.0, 0.9);_;_;_;_;_;_;_;_;(-7.7, -0.9, -1.8) (0.0, 0.9, 0.0, 0.4);
84;data/screenshots/84_0_1_3_0_50_50_0_0_0_1.959118_3.317721_5.35038_168.9422_105.55_155.336_296.4614_0_0_0_0_0_0_0_50_0_0_4.png;0;1;3;0;50;50;0;0;0;1.959118;3.317721;5.35038;168.9422;105.55;155.336;296.4614;0;0;0;0;0;0;0;50;0;50;0;0;4;(-4.4, -0.9, -1.7) (0.0, 1.0, 0.0, -0.2);(-6.4, -0.9, -3.9) (0.0, 1.0, 0.0, 0.0);(-7.4, -0.9, 0.0) (0.0, 0.2, 0.0, -1.0);_;_;_;_;_;_;_;_;(-3.2, -0.9, -3.2) (0.0, 1.0, 0.0, 0.2);
85;data/screenshots/85_1_0_5_3_0.7737883_4.754993_0_1_1.669223_1.163059_3.814787_4.008255_17.02921_26.52948_357.3381_279.1089_1_1_1_0_0_1_0_50_0_1_6.png;1;0;5;3;0.7737883;4.754993;0;1;1.669223;1.163059;3.814787;4.008255;17.02921;26.52948;357.3381;279.1089;1;1;1;0;0;1;0;50;0;50;1;0;6;(-7.5, -0.9, -0.7) (0.0, 1.0, 0.0, 0.0);(-6.8, -0.9, -1.9) (0.0, -0.5, 0.0, 0.9);(-8.2, -0.9, -1.9) (0.0, 0.5, 0.0, 0.9);(-3.9, -0.9, -2.2) (0.0, 1.0, 0.0, -0.2);_;_;(-5.7, -0.3, -0.3) (0.0, -0.7, 0.0, 0.7);_;_;_;_;(-2.9, -0.9, -2.8) (0.0, -0.6, 0.0, 0.8);
86;data/screenshots/86_1_0_4_0_50_50_0_0_2.338322_0.7277083_1.278378_1.889242_288.1502_263.5473_245.509_42.75945_0_0_0_1_0_0_0_50_0_0_5.png;1;0;4;0;50;50;0;0;2.338322;0.7277083;1.278378;1.889242;288.1502;263.5473;245.509;42.75945;0;0;0;1;0;0;0;50;0;50;0;1;5;(-8.0, -0.9, -1.5) (0.0, 0.2, 0.0, 1.0);(-7.8, -0.9, -2.3) (0.0, 0.5, 0.0, -0.9);(-7.8, -0.9, -0.9) (0.0, 0.2, 0.0, 1.0);(-6.1, -0.9, -4.2) (0.0, 0.9, 0.0, -0.3);_;_;_;_;_;_;_;(-7.2, -0.9, -0.5) (-0.1, -0.4, 0.0, 0.9);
87;data/screenshots/87_0_1_5_3_0.5139222_1.241103_0_0_0_0.7317953_0.7500486_1.524979_184.1322_17.20056_162.0852_190.0215_0_1_0_0_0_0_0_50_1_0_7.png;0;1;5;3;0.5139222;1.241103;0;0;0;0.7317953;0.7500486;1.524979;184.1322;17.20056;162.0852;190.0215;0;1;0;0;0;0;0;50;1;0.9459434;0;0;7;(-4.0, -0.9, -2.0) (0.0, 1.0, 0.0, 0.0);(-3.6, -0.9, -2.8) (0.0, -0.5, 0.0, 0.9);(-4.4, -0.9, -2.8) (0.0, 0.5, 0.0, 0.9);(-3.1, -0.9, -3.7) (0.0, 1.0, 0.0, 0.3);(-5.9, -0.9, -3.1) (0.0, 1.0, 0.0, 0.3);_;_;_;_;_;(-5.5, -0.9, -3.9) (0.0, 0.7, 0.0, -0.7);(-5.1, -0.9, -3.0) (0.0, 0.8, 0.0, -0.5);
88;data/screenshots/88_1_0_2_3_0.9393726_0_1_1_2.17648_0.9393725_0.9393725_0.9393727_93.00001_333_213_0_0_1_0_1_0_1_0_50_0_2_6.png;1;0;2;3;0.9393726;0;1;1;2.17648;0.9393725;0.9393725;0.9393727;93.00001;333;213;0;0;1;0;1;0;1;0;50;0;50;2;0;6;(-3.0, -0.9, -2.1) (0.0, 1.0, 0.0, 0.0);(-2.2, -0.9, -3.5) (0.0, -0.5, 0.0, 0.9);(-3.8, -0.9, -3.5) (0.0, 0.5, 0.0, 0.9);_;_;_;(-5.7, -0.3, -0.3) (0.0, -0.7, 0.0, 0.7);(-5.3, -0.7, -2.1) (0.0, -0.8, 0.0, 0.7);_;_;_;(-3.0, -0.9, -3.0) (0.0, 0.2, 0.0, 1.0);
89;data/screenshots/89_1_0_2_3_0.7951531_4.461848_0_1_1.357993_4.119565_4.124832_5.256997_350.3972_9.630005_359.9694_110.5996_1_1_1_0_0_0_0_50_0_0_4.png;1;0;2;3;0.7951531;4.461848;0;1;1.357993;4.119565;4.124832;5.256997;350.3972;9.630005;359.9694;110.5996;1;1;1;0;0;0;0;50;0;50;0;0;4;(-4.0, -0.9, -1.7) (0.0, 1.0, 0.0, 0.0);(-3.3, -0.9, -2.9) (0.0, -0.5, 0.0, 0.9);(-4.7, -0.9, -2.9) (0.0, 0.5, 0.0, 0.9);_;_;_;_;_;_;_;_;(-7.9, -0.9, -0.3) (0.0, 0.9, 0.0, 0.5);
90;data/screenshots/90_0_1_5_4_0.869081_0_1_1_0_0.869081_0.869081_0.869081_35_125_215_0_1_0_0_1_1_1_0_50_0_0_6.png;0;1;5;4;0.869081;0;1;1;0;0.869081;0.869081;0.869081;35;125;215;0;1;0;0;1;1;1;0;50;0;50;0;0;6;(-7.5, -0.9, -0.6) (0.0, 1.0, 0.0, 0.0);(-6.6, -0.9, -1.5) (0.0, -0.7, 0.0, 0.7);(-7.5, -0.9, -2.4) (0.0, 0.0, 0.0, 1.0);(-8.4, -0.9, -1.5) (0.0, 0.7, 0.0, 0.7);(-5.1, -0.9, -3.3) (0.0, 1.0, 0.0, -0.2);_;_;_;_;_;_;(-7.5, -0.9, -1.5) (0.0, 0.3, 0.0, -1.0);
91;data/screenshots/91_1_0_1_4_0.5685697_0_1_1_1.75615_0.5685697_0.5685697_0.5685697_259_349_79.00001_0_0_1_0_1_1_1_0_50_1_0_6.png;1;0;1;4;0.5685697;0;1;1;1.75615;0.5685697;0.5685697;0.5685697;259;349;79.00001;0;0;1;0;1;1;1;0;50;1;2.054049;0;1;6;(-4.0, -0.9, -1.9) (0.0, 1.0, 0.0, 0.0);(-3.4, -0.9, -2.5) (0.0, -0.7, 0.0, 0.7);(-4.0, -0.9, -3.1) (0.0, 0.0, 0.0, 1.0);(-4.6, -0.9, -2.5) (0.0, 0.7, 0.0, 0.7);_;_;_;_;_;_;(-3.8, -0.9, -0.5) (0.0, 0.3, 0.0, 1.0);(-4.0, -0.9, -2.5) (0.0, 0.8, 0.0, 0.6);
92;data/screenshots/92_0_1_4_0_50_50_1_0_0_1.033735_1.585868_3.433196_11.25992_347.9546_125.7229_42.25992_1_1_0_1_0_0_0_50_0_1_5.png;0;1;4;0;50;50;1;0;0;1.033735;1.585868;3.433196;11.25992;347.9546;125.7229;42.25992;1;1;0;1;0;0;0;50;0;50;1;0;5;(-2.6, -0.9, -3.8) (0.0, 0.5, 0.0, 0.9);(-6.0, -0.9, -4.3) (0.0, 0.9, 0.0, 0.4);(-3.2, -0.9, -3.3) (0.0, 0.3, 0.0, -1.0);_;_;_;(-5.7, -0.3, -0.3) (0.0, -0.7, 0.0, 0.7);_;_;_;_;(-3.0, -0.9, -2.2) (0.0, 1.0, 0.0, 0.0);
93;data/screenshots/93_0_1_3_0_50_50_1_0_0_0.7700758_2.578588_4.399234_288.5045_119.2218_69.2482_142.2274_0_0_0_0_0_0_0_50_0_0_4.png;0;1;3;0;50;50;1;0;0;0.7700758;2.578588;4.399234;288.5045;119.2218;69.2482;142.2274;0;0;0;0;0;0;0;50;0;50;0;0;4;(-4.3, -0.9, 0.0) (0.0, 1.0, 0.0, 0.2);(-6.0, -0.9, -4.7) (0.0, 0.7, 0.0, -0.7);(-3.1, -0.9, -3.2) (0.0, 0.7, 0.0, 0.7);_;_;_;_;_;_;_;_;(-5.4, -0.9, -4.3) (-0.1, -0.5, 0.0, 0.9);
94;data/screenshots/94_1_0_5_0_50_50_1_0_2.880264_1.359108_2.284086_4.841138_102.0811_142.3291_214.3719_29.02573_0_0_0_1_0_0_1_4.841138_0_0_6.png;1;0;5;0;50;50;1;0;2.880264;1.359108;2.284086;4.841138;102.0811;142.3291;214.3719;29.02573;0;0;0;1;0;0;1;4.841138;0;50;0;1;6;(-2.6, -0.9, -3.5) (0.0, 0.4, 0.0, -0.9);(-4.0, -0.9, -4.2) (0.0, 1.0, 0.0, 0.1);(-7.9, -0.9, -2.1) (0.0, 0.8, 0.0, -0.6);(-8.6, -0.9, -1.2) (0.0, 0.1, 0.0, -1.0);_;_;_;_;(-7.7, -0.9, -1.4) (0.0, 0.9, 0.0, -0.5);_;_;(-3.0, -0.9, -2.2) (0.0, 0.5, 0.0, 0.8);
95;data/screenshots/95_0_1_6_0_50_50_1_0_0_0.4569126_2.977457_3.150339_262.1575_327.7408_64.50964_229.4741_0_1_0_0_1_1_0_50_1_0_8.png;0;1;6;0;50;50;1;0;0;0.4569126;2.977457;3.150339;262.1575;327.7408;64.50964;229.4741;0;1;0;0;1;1;0;50;1;3.968053;0;1;8;(-3.1, -0.9, -3.8) (0.0, 0.9, 0.0, 0.4);(-8.4, -0.9, -2.4) (0.0, 0.2, 0.0, 1.0);(-5.9, -0.9, -4.5) (0.0, 0.3, 0.0, 0.9);(-8.2, -0.9, -0.7) (0.0, 0.2, 0.0, -1.0);(-7.3, -0.9, -1.2) (0.0, 0.6, 0.0, 0.8);(-4.0, -0.9, -0.3) (0.0, 1.0, 0.0, 0.3);_;_;_;_;(-7.0, -0.9, -2.3) (0.0, 0.6, 0.0, 0.8);(-3.1, -0.9, -3.3) (0.0, -0.6, 0.0, 0.8);
96;data/screenshots/96_1_0_7_0_50_50_1_0_2.698955_0.9832177_1.303511_1.600566_217.1777_32.82123_171.924_277.0039_0_1_0_0_0_0_2_1.600566_0_2_8.png;1;0;7;0;50;50;1;0;2.698955;0.9832177;1.303511;1.600566;217.1777;32.82123;171.924;277.0039;0;1;0;0;0;0;2;1.600566;0;50;2;1;8;(-6.0, -0.9, -4.3) (0.0, 0.8, 0.0, 0.6);(-2.8, -0.9, -3.2) (0.0, 1.0, 0.0, 0.2);(-2.7, -0.9, -3.7) (0.0, 1.0, 0.0, 0.2);_;_;_;(-5.7, -0.3, -0.3) (0.0, -0.7, 0.0, 0.7);(-5.3, -0.7, -2.1) (0.0, -0.8, 0.0, 0.7);(-4.0, -0.9, -3.3) (0.0, 0.2, 0.0, 1.0);(-5.0, -0.9, -4.8) (0.0, 0.9, 0.0, -0.4);_;(-5.6, -0.9, -3.3) (0.0, -0.1, 0.0, 1.0);
97;data/screenshots/97_1_0_4_3_0.6207839_0_1_1_1.080275_0.6207839_0.6207839_0.620784_72.00001_312_192_0_0_0_0_1_0_1_0_50_0_0_5.png;1;0;4;3;0.6207839;0;1;1;1.080275;0.6207839;0.6207839;0.620784;72.00001;312;192;0;0;0;0;1;0;1;0;50;0;50;0;0;5;(-4.0, -0.9, -1.9) (0.0, 1.0, 0.0, 0.0);(-3.5, -0.9, -2.8) (0.0, -0.5, 0.0, 0.9);(-4.5, -0.9, -2.8) (0.0, 0.5, 0.0, 0.9);(-2.8, -0.9, -2.6) (0.0, 0.6, 0.0, -0.8);_;_;_;_;_;_;_;(-4.0, -0.9, -2.5) (0.0, 0.4, 0.0, 0.9);