Stamp,File Path,Using circle,Using arrow,Number of people,Number of people in group,Group radius,Distance to group,Robot within group?,Robot facing group?,Robot work radius,Distance to closest human,Distance to 2nd closest human,Distance to 3rd closest human,Direction to closest human,Direction to 2nd closest human,Direction to 3rd closest human,Direction from closest human to robot,Robot facing closest human?,Robot facing 2nd closest human?,Robot facing 3rd closest human?,Closest human facing robot?,2nd closest human facing robot?,3d closest human facing robot?,Number of children,Distance to closest child,Number of animals,Distance to closest animal,Number of people sitting/laying in sofa?,Music playing?,Number of agents in scene,PosRot1,PosRot2,PosRot3,PosRot4,PosRot5,PosRot6,PosRot7,PosRot8,PosRot9,PosRot10,PosRot11,PosRotPepper,image_url
100,data/screenshots/100_1_0_1_0_50_50_0_0_1.849749_3.560507_50_50_346.4927_1000_1000_1000_1_0_0_0_0_0_0_50_0_1_2.png,1,0,1,0,50,50,0,0,1.849749,3.560507,50,50,346.4927,1000,1000,1000,1,0,0,0,0,0,0,50,0,50,1,0,2,_,_,_,_,_,_,"(-5.7, -0.3, -0.3) (0.0, -0.7, 0.0, 0.7)",_,_,_,_,"(-4.9, -0.9, -3.7) (0.0, 0.0, 0.0, 1.0)",https://acsdissertation.s3-eu-west-1.amazonaws.com/100_1_0_1_0_50_50_0_0_1.849749_3.560507_50_50_346.4927_1000_1000_1000_1_0_0_0_0_0_0_50_0_1_2.png
101,data/screenshots/101_0_1_6_4_0.5545515_1.659504_0_0_0_1.271789_1.385727_2.050054_164.3139_198.2988_167.747_125.994_0_0_0_0_0_1_0_50_0_0_7.png,0,1,6,4,0.5545515,1.659504,0,0,0,1.271789,1.385727,2.050054,164.3139,198.2988,167.747,125.994,0,0,0,0,0,1,0,50,0,50,0,1,7,"(-4.0, -0.9, -1.9) (0.0, 1.0, 0.0, 0.0)","(-3.4, -0.9, -2.5) (0.0, -0.7, 0.0, 0.7)","(-4.0, -0.9, -3.1) (0.0, 0.0, 0.0, 1.0)","(-4.6, -0.9, -2.5) (0.0, 0.7, 0.0, 0.7)","(-5.2, -0.9, -4.8) (0.0, 0.4, 0.0, 0.9)","(-6.6, -0.9, -3.9) (0.0, 1.0, 0.0, 0.0)",_,_,_,_,_,"(-3.0, -0.9, -3.8) (0.0, -0.9, 0.0, -0.3)",https://acsdissertation.s3-eu-west-1.amazonaws.com/101_0_1_6_4_0.5545515_1.659504_0_0_0_1.271789_1.385727_2.050054_164.3139_198.2988_167.747_125.994_0_0_0_0_0_1_0_50_0_0_7.png
102,data/screenshots/102_1_0_3_0_50_50_0_0_1.438986_1.465075_1.560955_2.908482_289.9178_231.9038_244.4013_107.3449_0_0_0_0_0_0_0_50_0_0_4.png,1,0,3,0,50,50,0,0,1.438986,1.465075,1.560955,2.908482,289.9178,231.9038,244.4013,107.3449,0,0,0,0,0,0,0,50,0,50,0,0,4,"(-3.9, -0.9, -5.0) (0.0, 0.1, 0.0, 1.0)","(-4.4, -0.9, -3.0) (0.0, 0.4, 0.0, -0.9)","(-3.2, -0.9, -3.8) (0.0, 1.0, 0.0, 0.3)",_,_,_,_,_,_,_,_,"(-3.2, -0.9, -2.2) (0.0, -0.4, 0.0, 0.9)",https://acsdissertation.s3-eu-west-1.amazonaws.com/102_1_0_3_0_50_50_0_0_1.438986_1.465075_1.560955_2.908482_289.9178_231.9038_244.4013_107.3449_0_0_0_0_0_0_0_50_0_0_4.png
103,data/screenshots/103_1_0_3_0_50_50_0_0_1.788912_0.5693552_0.8837692_3.503537_261.9161_331.4366_74.79561_139.247_0_1_0_0_0_1_0_50_0_0_4.png,1,0,3,0,50,50,0,0,1.788912,0.5693552,0.8837692,3.503537,261.9161,331.4366,74.79561,139.247,0,1,0,0,0,1,0,50,0,50,0,0,4,"(-2.8, -0.9, -4.1) (0.0, 0.5, 0.0, -0.8)","(-2.7, -0.9, -3.2) (0.0, 0.9, 0.0, 0.5)","(-6.6, -0.9, -4.1) (0.0, 0.4, 0.0, 0.9)",_,_,_,_,_,_,_,_,"(-3.2, -0.9, -3.3) (0.0, 1.0, 0.0, 0.0)",https://acsdissertation.s3-eu-west-1.amazonaws.com/103_1_0_3_0_50_50_0_0_1.788912_0.5693552_0.8837692_3.503537_261.9161_331.4366_74.79561_139.247_0_1_0_0_0_1_0_50_0_0_4.png
104,data/screenshots/104_1_0_2_0_50_50_0_0_2.595422_0.9166773_5.542717_50_336.473_34.20279_1000_273.5995_1_1_0_0_0_0_0_50_0_0_3.png,1,0,2,0,50,50,0,0,2.595422,0.9166773,5.542717,50,336.473,34.20279,1000,273.5995,1,1,0,0,0,0,0,50,0,50,0,0,3,"(-8.4, -0.9, -2.3) (0.0, 1.0, 0.0, 0.1)","(-4.0, -0.9, -4.7) (0.0, 0.9, 0.0, 0.4)",_,_,_,_,_,_,_,_,_,"(-3.2, -0.9, -4.2) (0.0, -0.8, 0.0, 0.6)",https://acsdissertation.s3-eu-west-1.amazonaws.com/104_1_0_2_0_50_50_0_0_2.595422_0.9166773_5.542717_50_336.473_34.20279_1000_273.5995_1_1_0_0_0_0_0_50_0_0_3.png
105,data/screenshots/105_1_0_6_0_50_50_0_0_1.92179_0.9891798_1.175424_2.483966_230.0481_198.7459_122.4414_30.64761_0_0_0_1_1_0_0_50_0_2_7.png,1,0,6,0,50,50,0,0,1.92179,0.9891798,1.175424,2.483966,230.0481,198.7459,122.4414,30.64761,0,0,0,1,1,0,0,50,0,50,2,0,7,"(-3.9, -0.9, -4.2) (0.0, 0.4, 0.0, -0.9)","(-7.0, -0.9, -0.6) (0.0, 1.0, 0.0, -0.1)","(-4.1, -0.9, -4.8) (0.0, 0.8, 0.0, -0.6)","(-2.7, -0.9, -2.8) (0.0, 0.7, 0.0, -0.7)",_,_,"(-5.7, -0.3, -0.3) (0.0, -0.7, 0.0, 0.7)","(-5.3, -0.7, -2.1) (0.0, -0.8, 0.0, 0.7)",_,_,_,"(-5.0, -0.9, -4.6) (0.0, 0.9, 0.0, -0.4)",https://acsdissertation.s3-eu-west-1.amazonaws.com/105_1_0_6_0_50_50_0_0_1.92179_0.9891798_1.175424_2.483966_230.0481_198.7459_122.4414_30.64761_0_0_0_1_1_0_0_50_0_2_7.png
106,data/screenshots/106_0_1_4_3_0.5669012_0_1_1_0_0.5669012_0.5669014_0.5669014_7_127_247_0_1_0_0_1_1_1_0_50_0_0_5.png,0,1,4,3,0.5669012,0,1,1,0,0.5669012,0.5669014,0.5669014,7,127,247,0,1,0,0,1,1,1,0,50,0,50,0,0,5,"(-5.5, -0.9, -3.4) (0.0, 1.0, 0.0, 0.0)","(-5.0, -0.9, -4.3) (0.0, -0.5, 0.0, 0.9)","(-6.0, -0.9, -4.3) (0.0, 0.5, 0.0, 0.9)","(-8.0, -0.9, -0.1) (0.0, 0.9, 0.0, -0.5)",_,_,_,_,_,_,_,"(-5.5, -0.9, -4.0) (0.0, 0.1, 0.0, -1.0)",https://acsdissertation.s3-eu-west-1.amazonaws.com/106_0_1_4_3_0.5669012_0_1_1_0_0.5669012_0.5669014_0.5669014_7_127_247_0_1_0_0_1_1_1_0_50_0_0_5.png
107,data/screenshots/107_1_0_1_3_0.5690632_1.623227_0_0_1.422362_1.359604_1.494979_2.189204_160.4549_200.5011_178.2011_107.3913_0_0_0_0_0_0_0_50_0_0_4.png,1,0,1,3,0.5690632,1.623227,0,0,1.422362,1.359604,1.494979,2.189204,160.4549,200.5011,178.2011,107.3913,0,0,0,0,0,0,0,50,0,50,0,0,4,"(-3.0, -0.9, -2.4) (0.0, 1.0, 0.0, 0.0)","(-2.5, -0.9, -3.3) (0.0, -0.5, 0.0, 0.9)","(-3.5, -0.9, -3.3) (0.0, 0.5, 0.0, 0.9)",_,_,_,_,_,_,_,_,"(-4.3, -0.9, -2.0) (0.0, 0.4, 0.0, -0.9)",https://acsdissertation.s3-eu-west-1.amazonaws.com/107_1_0_1_3_0.5690632_1.623227_0_0_1.422362_1.359604_1.494979_2.189204_160.4549_200.5011_178.2011_107.3913_0_0_0_0_0_0_0_50_0_0_4.png
108,data/screenshots/108_1_0_0_3_0.7576412_0_1_1_0.9434672_0.7576411_0.7576411_0.7576413_67.99999_188_308_0_0_0_0_1_1_0_0_50_0_0_4.png,1,0,0,3,0.7576412,0,1,1,0.9434672,0.7576411,0.7576411,0.7576413,67.99999,188,308,0,0,0,0,1,1,0,0,50,0,50,0,0,4,"(-5.5, -0.9, -3.2) (0.0, 1.0, 0.0, 0.0)","(-4.8, -0.9, -4.4) (0.0, -0.5, 0.0, 0.9)","(-6.2, -0.9, -4.4) (0.0, 0.5, 0.0, 0.9)",_,_,_,_,_,_,_,_,"(-5.5, -0.9, -4.0) (0.0, 0.4, 0.0, 0.9)",https://acsdissertation.s3-eu-west-1.amazonaws.com/108_1_0_0_3_0.7576412_0_1_1_0.9434672_0.7576411_0.7576411_0.7576413_67.99999_188_308_0_0_0_0_1_1_0_0_50_0_0_4.png
109,data/screenshots/109_1_0_8_0_50_50_1_0_0.678518_0.5431392_1.275952_1.453886_145.8992_358.6063_137.4757_243.8992_0_1_0_0_0_0_2_4.632679_1_0_10.png,1,0,8,0,50,50,1,0,0.678518,0.5431392,1.275952,1.453886,145.8992,358.6063,137.4757,243.8992,0,1,0,0,0,0,2,4.632679,1,2.741198,0,0,10,"(-5.5, -0.9, -3.8) (0.0, 0.0, 0.0, -1.0)","(-4.4, -0.9, -2.7) (0.0, 0.0, 0.0, 1.0)","(-6.2, -0.9, -3.5) (0.0, 0.1, 0.0, 1.0)","(-4.2, -0.9, -4.2) (0.0, 1.0, 0.0, 0.0)","(-2.8, -0.9, -3.0) (0.0, 0.3, 0.0, -0.9)","(-2.6, -0.9, -2.1) (0.0, 0.1, 0.0, 1.0)",_,_,"(-7.6, -0.9, -2.5) (0.0, 0.9, 0.0, 0.3)","(-8.2, -0.9, -1.2) (0.0, 0.5, 0.0, 0.9)","(-5.6, -0.9, -4.6) (0.0, 0.9, 0.0, -0.4)","(-3.1, -0.9, -3.5) (0.0, -0.9, 0.0, 0.5)",https://acsdissertation.s3-eu-west-1.amazonaws.com/109_1_0_8_0_50_50_1_0_0.678518_0.5431392_1.275952_1.453886_145.8992_358.6063_137.4757_243.8992_0_1_0_0_0_0_2_4.632679_1_0_10.png
110,data/screenshots/110_0_1_5_0_50_50_1_0_0_1.090332_1.832036_2.595607_164.3875_46.62269_129.9281_31.86325_0_0_0_1_0_1_0_50_0_1_6.png,0,1,5,0,50,50,1,0,0,1.090332,1.832036,2.595607,164.3875,46.62269,129.9281,31.86325,0,0,0,1,0,1,0,50,0,50,1,1,6,"(-3.2, -0.9, -2.9) (0.0, 0.9, 0.0, 0.4)","(-5.8, -0.9, -3.2) (0.0, 1.0, 0.0, 0.3)","(-7.3, -0.9, -2.1) (0.0, 0.3, 0.0, -1.0)","(-4.1, -0.9, -3.9) (0.0, 0.1, 0.0, -1.0)",_,_,"(-5.7, -0.3, -0.3) (0.0, -0.7, 0.0, 0.7)",_,_,_,_,"(-7.2, -0.9, -1.0) (0.0, 0.2, 0.0, 1.0)",https://acsdissertation.s3-eu-west-1.amazonaws.com/110_0_1_5_0_50_50_1_0_0_1.090332_1.832036_2.595607_164.3875_46.62269_129.9281_31.86325_0_0_0_1_0_1_0_50_0_1_6.png
111,data/screenshots/111_1_0_6_0_50_50_1_0_2.419798_2.008927_2.177815_3.27372_113.5573_94.45385_121.8237_226.6556_0_0_0_0_0_0_0_50_0_0_7.png,1,0,6,0,50,50,1,0,2.419798,2.008927,2.177815,3.27372,113.5573,94.45385,121.8237,226.6556,0,0,0,0,0,0,0,50,0,50,0,1,7,"(-8.0, -0.9, 0.0) (0.0, 0.2, 0.0, 1.0)","(-3.9, -0.9, -2.9) (0.0, 0.9, 0.0, 0.4)","(-5.9, -0.9, -3.6) (0.0, 0.9, 0.0, -0.3)","(-3.2, -0.9, -2.9) (0.0, 1.0, 0.0, 0.1)","(-4.3, -0.9, -4.1) (0.0, 1.0, 0.0, 0.0)","(-4.9, -0.9, -4.5) (0.0, 0.1, 0.0, 1.0)",_,_,_,_,_,"(-4.0, -0.9, -0.9) (-0.1, 0.5, 0.1, 0.8)",https://acsdissertation.s3-eu-west-1.amazonaws.com/111_1_0_6_0_50_50_1_0_2.419798_2.008927_2.177815_3.27372_113.5573_94.45385_121.8237_226.6556_0_0_0_0_0_0_0_50_0_0_7.png
112,data/screenshots/112_0_1_3_0_50_50_1_0_0_2.790582_5.209882_5.873621_297.4576_266.5277_285.4769_113.3797_0_0_0_0_1_0_0_50_0_0_4.png,0,1,3,0,50,50,1,0,0,2.790582,5.209882,5.873621,297.4576,266.5277,285.4769,113.3797,0,0,0,0,1,0,0,50,0,50,0,0,4,"(-5.9, -0.9, -3.5) (0.0, 1.0, 0.0, -0.1)","(-3.0, -0.9, -2.2) (0.0, 0.5, 0.0, -0.9)","(-2.7, -0.9, -4.1) (0.0, 1.0, 0.0, -0.1)",_,_,_,_,_,_,_,_,"(-8.2, -0.9, -2.0) (0.0, 1.0, 0.0, -0.1)",https://acsdissertation.s3-eu-west-1.amazonaws.com/112_0_1_3_0_50_50_1_0_0_2.790582_5.209882_5.873621_297.4576_266.5277_285.4769_113.3797_0_0_0_0_1_0_0_50_0_0_4.png
113,data/screenshots/113_1_0_5_0_50_50_1_0_1.605966_0.4604577_1.849272_2.477596_91.06367_78.85126_211.7992_144.4627_0_0_0_0_0_0_2_1.849272_0_0_6.png,1,0,5,0,50,50,1,0,1.605966,0.4604577,1.849272,2.477596,91.06367,78.85126,211.7992,144.4627,0,0,0,0,0,0,2,1.849272,0,50,0,0,6,"(-5.6, -0.9, -3.3) (0.0, 0.6, 0.0, 0.8)","(-3.0, -0.9, -2.4) (0.0, 0.9, 0.0, -0.5)","(-5.2, -0.9, -4.6) (0.0, 1.0, 0.0, 0.0)",_,_,_,_,_,"(-4.4, -0.9, 0.0) (0.0, 0.7, 0.0, 0.7)","(-3.2, -0.9, -3.8) (0.0, 0.7, 0.0, -0.7)",_,"(-2.9, -0.9, -2.0) (0.0, 0.8, 0.0, 0.6)",https://acsdissertation.s3-eu-west-1.amazonaws.com/113_1_0_5_0_50_50_1_0_1.605966_0.4604577_1.849272_2.477596_91.06367_78.85126_211.7992_144.4627_0_0_0_0_0_0_2_1.849272_0_0_6.png
114,data/screenshots/114_1_0_4_3_0.5184838_0_1_1_2.066863_0.5184836_0.5184838_0.5184838_262_21.99999_142_0_0_1_0_1_1_1_0_50_0_0_5.png,1,0,4,3,0.5184838,0,1,1,2.066863,0.5184836,0.5184838,0.5184838,262,21.99999,142,0,0,1,0,1,1,1,0,50,0,50,0,0,5,"(-3.0, -0.9, -2.5) (0.0, 1.0, 0.0, 0.0)","(-2.6, -0.9, -3.3) (0.0, -0.5, 0.0, 0.9)","(-3.4, -0.9, -3.3) (0.0, 0.5, 0.0, 0.9)","(-5.4, -0.9, -3.0) (0.0, 0.3, 0.0, -0.9)",_,_,_,_,_,_,_,"(-3.0, -0.9, -3.0) (0.0, 0.8, 0.0, 0.7)",https://acsdissertation.s3-eu-west-1.amazonaws.com/114_1_0_4_3_0.5184838_0_1_1_2.066863_0.5184836_0.5184838_0.5184838_262_21.99999_142_0_0_1_0_1_1_1_0_50_0_0_5.png
115,data/screenshots/115_1_0_6_4_0.9017715_2.982664_0_0_1.138679_0.8826534_1.321934_2.371198_98.79752_196.364_165.6832_22.23843_0_0_0_1_0_1_1_0.8826534_0_0_7.png,1,0,6,4,0.9017715,2.982664,0,0,1.138679,0.8826534,1.321934,2.371198,98.79752,196.364,165.6832,22.23843,0,0,0,1,0,1,1,0.8826534,0,50,0,0,7,"(-5.5, -0.9, -3.1) (0.0, 1.0, 0.0, 0.0)","(-4.6, -0.9, -4.0) (0.0, -0.7, 0.0, 0.7)","(-5.5, -0.9, -4.9) (0.0, 0.0, 0.0, 1.0)","(-6.4, -0.9, -4.0) (0.0, 0.7, 0.0, 0.7)","(-4.4, -0.9, -2.6) (0.0, 0.4, 0.0, 0.9)",_,_,_,"(-2.8, -0.9, -2.8) (0.0, 0.5, 0.0, -0.9)",_,_,"(-3.2, -0.9, -2.1) (0.0, -0.4, 0.0, -0.9)",https://acsdissertation.s3-eu-west-1.amazonaws.com/115_1_0_6_4_0.9017715_2.982664_0_0_1.138679_0.8826534_1.321934_2.371198_98.79752_196.364_165.6832_22.23843_0_0_0_1_0_1_1_0.8826534_0_0_7.png
116,data/screenshots/116_1_0_4_0_50_50_0_0_2.498069_2.581449_3.677996_4.290355_281.4321_352.491_357.1013_99.72946_0_1_1_0_1_0_0_50_0_1_5.png,1,0,4,0,50,50,0,0,2.498069,2.581449,3.677996,4.290355,281.4321,352.491,357.1013,99.72946,0,1,1,0,1,0,0,50,0,50,1,0,5,"(-5.4, -0.9, -5.1) (0.0, 0.8, 0.0, 0.7)","(-5.7, -0.9, -4.0) (0.0, 0.9, 0.0, -0.4)","(-5.6, -0.9, -4.7) (0.0, 0.1, 0.0, -1.0)",_,_,_,"(-5.7, -0.3, -0.3) (0.0, -0.7, 0.0, 0.7)",_,_,_,_,"(-8.0, -0.9, -1.1) (0.0, 1.0, 0.0, 0.3)",https://acsdissertation.s3-eu-west-1.amazonaws.com/116_1_0_4_0_50_50_0_0_2.498069_2.581449_3.677996_4.290355_281.4321_352.491_357.1013_99.72946_0_1_1_0_1_0_0_50_0_1_5.png
117,data/screenshots/117_0_1_1_0_50_50_0_0_0_1.581053_50_50_114.9281_1000_1000_113.5987_0_0_0_0_0_0_0_50_0_0_2.png,0,1,1,0,50,50,0,0,0,1.581053,50,50,114.9281,1000,1000,113.5987,0,0,0,0,0,0,0,50,0,50,0,0,2,"(-5.6, -0.9, -5.1) (0.0, 0.8, 0.0, -0.6)",_,_,_,_,_,_,_,_,_,_,"(-5.4, -0.9, -3.5) (-0.1, 0.6, 0.1, 0.8)",https://acsdissertation.s3-eu-west-1.amazonaws.com/117_0_1_1_0_50_50_0_0_0_1.581053_50_50_114.9281_1000_1000_113.5987_0_0_0_0_0_0_0_50_0_0_2.png
118,data/screenshots/118_0_1_1_0_50_50_0_0_0_0.9108477_50_50_50.26808_1000_1000_235.8668_0_0_0_0_0_0_0_50_0_0_2.png,0,1,1,0,50,50,0,0,0,0.9108477,50,50,50.26808,1000,1000,235.8668,0,0,0,0,0,0,0,50,0,50,0,1,2,"(-6.1, -0.9, -4.5) (0.0, 1.0, 0.0, 0.0)",_,_,_,_,_,_,_,_,_,_,"(-5.3, -0.9, -3.9) (0.0, 1.0, 0.0, 0.0)",https://acsdissertation.s3-eu-west-1.amazonaws.com/118_0_1_1_0_50_50_0_0_0_0.9108477_50_50_50.26808_1000_1000_235.8668_0_0_0_0_0_0_0_50_0_0_2.png
119,data/screenshots/119_1_0_2_0_50_50_0_0_2.29364_2.62261_3.170326_50_14.80348_8.633286_1000_31.67024_1_1_0_1_0_0_0_50_0_0_3.png,1,0,2,0,50,50,0,0,2.29364,2.62261,3.170326,50,14.80348,8.633286,1000,31.67024,1,1,0,1,0,0,0,50,0,50,0,0,3,"(-5.2, -0.9, -4.0) (0.0, 0.3, 0.0, 0.9)","(-5.6, -0.9, -4.6) (0.0, 0.1, 0.0, -1.0)",_,_,_,_,_,_,_,_,_,"(-2.8, -0.9, -3.1) (0.0, 0.9, 0.0, -0.5)",https://acsdissertation.s3-eu-west-1.amazonaws.com/119_1_0_2_0_50_50_0_0_2.29364_2.62261_3.170326_50_14.80348_8.633286_1000_31.67024_1_1_0_1_0_0_0_50_0_0_3.png
120,data/screenshots/120_1_0_1_0_50_50_0_0_1.392464_0.8580336_50_50_354.403_1000_1000_351.903_1_0_0_1_0_0_0_50_1_0_3.png,1,0,1,0,50,50,0,0,1.392464,0.8580336,50,50,354.403,1000,1000,351.903,1,0,0,1,0,0,0,50,1,1.355178,0,0,3,"(-5.7, -0.9, -3.9) (0.0, 0.5, 0.0, 0.8)",_,_,_,_,_,_,_,_,_,"(-3.8, -0.9, -3.9) (0.0, 0.8, 0.0, 0.6)","(-5.0, -0.9, -3.5) (0.0, -0.9, 0.0, 0.5)",https://acsdissertation.s3-eu-west-1.amazonaws.com/120_1_0_1_0_50_50_0_0_1.392464_0.8580336_50_50_354.403_1000_1000_351.903_1_0_0_1_0_0_0_50_1_0_3.png
121,data/screenshots/121_1_0_4_0_50_50_0_0_0.5449193_2.376822_2.475512_4.885056_12.57965_3.401672_38.69308_113.4827_1_1_1_0_0_0_0_50_0_0_5.png,1,0,4,0,50,50,0,0,0.5449193,2.376822,2.475512,4.885056,12.57965,3.401672,38.69308,113.4827,1,1,1,0,0,0,0,50,0,50,0,0,5,"(-7.7, -0.9, -0.4) (0.0, 0.8, 0.0, -0.6)","(-5.4, -0.9, -3.3) (0.0, 0.4, 0.0, -0.9)","(-8.0, -0.9, -2.0) (0.0, 0.5, 0.0, 0.9)","(-5.3, -0.9, -3.7) (0.0, 0.5, 0.0, -0.9)",_,_,_,_,_,_,_,"(-3.1, -0.9, -2.5) (0.0, 0.9, 0.0, -0.5)",https://acsdissertation.s3-eu-west-1.amazonaws.com/121_1_0_4_0_50_50_0_0_0.5449193_2.376822_2.475512_4.885056_12.57965_3.401672_38.69308_113.4827_1_1_1_0_0_0_0_50_0_0_5.png
122,data/screenshots/122_0_1_4_0_50_50_0_0_0_1.38865_1.715025_3.086191_248.6492_208.3819_57.71774_179.9539_0_0_0_0_0_0_1_1.38865_0_0_5.png,0,1,4,0,50,50,0,0,0,1.38865,1.715025,3.086191,248.6492,208.3819,57.71774,179.9539,0,0,0,0,0,0,1,1.38865,0,50,0,0,5,"(-3.3, -0.9, -3.8) (0.0, 0.9, 0.0, 0.5)","(-7.7, -0.9, -2.3) (0.0, 1.0, 0.0, 0.1)","(-8.0, -0.9, -0.8) (0.0, 0.0, 0.0, 1.0)",_,_,_,_,_,"(-3.9, -0.9, -4.7) (0.0, 0.9, 0.0, 0.4)",_,_,"(-5.0, -0.9, -3.8) (0.0, -0.9, 0.0, 0.5)",https://acsdissertation.s3-eu-west-1.amazonaws.com/122_0_1_4_0_50_50_0_0_0_1.38865_1.715025_3.086191_248.6492_208.3819_57.71774_179.9539_0_0_0_0_0_0_1_1.38865_0_0_5.png
123,data/screenshots/123_1_0_2_0_50_50_0_0_1.764562_0.6607898_3.512707_50_343.9214_260.3073_1000_315.8753_1_0_0_0_0_0_0_50_1_0_4.png,1,0,2,0,50,50,0,0,1.764562,0.6607898,3.512707,50,343.9214,260.3073,1000,315.8753,1,0,0,0,0,0,0,50,1,4.403117,0,0,4,"(-5.0, -0.9, -4.5) (0.0, 0.2, 0.0, -1.0)","(-3.8, -0.9, -1.2) (0.0, 0.3, 0.0, -1.0)",_,_,_,_,_,_,_,_,"(-4.0, -0.9, -0.1) (0.0, 0.9, 0.0, -0.5)","(-5.6, -0.9, -4.2) (0.0, 0.9, 0.0, 0.4)",https://acsdissertation.s3-eu-west-1.amazonaws.com/123_1_0_2_0_50_50_0_0_1.764562_0.6607898_3.512707_50_343.9214_260.3073_1000_315.8753_1_0_0_0_0_0_0_50_1_0_4.png
124,data/screenshots/124_1_0_0_0_50_50_0_0_0.8626171_50_50_50_1000_1000_1000_1000_0_0_0_0_0_0_0_50_0_0_1.png,1,0,0,0,50,50,0,0,0.8626171,50,50,50,1000,1000,1000,1000,0,0,0,0,0,0,0,50,0,50,0,0,1,_,_,_,_,_,_,_,_,_,_,_,"(-2.9, -0.9, -2.3) (0.0, 0.3, 0.0, 1.0)",https://acsdissertation.s3-eu-west-1.amazonaws.com/124_1_0_0_0_50_50_0_0_0.8626171_50_50_50_1000_1000_1000_1000_0_0_0_0_0_0_0_50_0_0_1.png
125,data/screenshots/125_1_0_1_0_50_50_0_0_1.44181_6.094883_50_50_95.49324_1000_1000_344.7545_0_0_0_1_0_0_0_50_0_0_2.png,1,0,1,0,50,50,0,0,1.44181,6.094883,50,50,95.49324,1000,1000,344.7545,0,0,0,1,0,0,0,50,0,50,0,1,2,"(-2.8, -0.9, -4.1) (0.0, 0.3, 0.0, -0.9)",_,_,_,_,_,_,_,_,_,_,"(-7.7, -0.9, -0.5) (0.0, 0.3, 0.0, 1.0)",https://acsdissertation.s3-eu-west-1.amazonaws.com/125_1_0_1_0_50_50_0_0_1.44181_6.094883_50_50_95.49324_1000_1000_344.7545_0_0_0_1_0_0_0_50_0_0_2.png
126,data/screenshots/126_1_0_7_3_0.6873791_0_1_1_1.53817_0.6873791_0.6873791_0.6873792_282_42_162_0_0_1_0_1_1_0_0_50_0_2_8.png,1,0,7,3,0.6873791,0,1,1,1.53817,0.6873791,0.6873791,0.6873792,282,42,162,0,0,1,0,1,1,0,0,50,0,50,2,0,8,"(-3.0, -0.9, -2.3) (0.0, 1.0, 0.0, 0.0)","(-2.4, -0.9, -3.3) (0.0, -0.5, 0.0, 0.9)","(-3.6, -0.9, -3.3) (0.0, 0.5, 0.0, 0.9)","(-6.4, -0.9, -4.6) (0.0, 1.0, 0.0, -0.2)","(-4.3, -0.9, -2.6) (0.0, 1.0, 0.0, 0.2)",_,"(-5.7, -0.3, -0.3) (0.0, -0.7, 0.0, 0.7)","(-5.3, -0.7, -2.1) (0.0, -0.8, 0.0, 0.7)",_,_,_,"(-3.0, -0.9, -3.0) (0.0, 0.4, 0.0, -0.9)",https://acsdissertation.s3-eu-west-1.amazonaws.com/126_1_0_7_3_0.6873791_0_1_1_1.53817_0.6873791_0.6873791_0.6873792_282_42_162_0_0_1_0_1_1_0_0_50_0_2_8.png
127,data/screenshots/127_1_0_2_3_0.9514865_0_1_1_2.154204_0.9514864_0.9514865_0.9514868_313_193_73_0_0_0_0_1_0_1_0_50_1_0_5.png,1,0,2,3,0.9514865,0,1,1,2.154204,0.9514864,0.9514865,0.9514868,313,193,73,0,0,0,0,1,0,1,0,50,1,3.763972,0,0,5,"(-7.5, -0.9, -0.5) (0.0, 1.0, 0.0, 0.0)","(-6.7, -0.9, -2.0) (0.0, -0.5, 0.0, 0.9)","(-8.3, -0.9, -2.0) (0.0, 0.5, 0.0, 0.9)",_,_,_,_,_,_,_,"(-6.1, -0.9, -5.0) (0.0, 0.6, 0.0, 0.8)","(-7.5, -0.9, -1.5) (0.0, 1.0, 0.0, 0.1)",https://acsdissertation.s3-eu-west-1.amazonaws.com/127_1_0_2_3_0.9514865_0_1_1_2.154204_0.9514864_0.9514865_0.9514868_313_193_73_0_0_0_0_1_0_1_0_50_1_0_5.png
128,data/screenshots/128_1_0_6_3_0.9405818_0_1_1_0.7348465_0.9405816_0.9405818_0.9405818_213_333_93.00002_0_0_1_0_1_1_0_0_50_0_0_7.png,1,0,6,3,0.9405818,0,1,1,0.7348465,0.9405816,0.9405818,0.9405818,213,333,93.00002,0,0,1,0,1,1,0,0,50,0,50,0,0,7,"(-5.5, -0.9, -3.1) (0.0, 1.0, 0.0, 0.0)","(-4.7, -0.9, -4.5) (0.0, -0.5, 0.0, 0.9)","(-6.3, -0.9, -4.5) (0.0, 0.5, 0.0, 0.9)","(-4.3, -0.9, -1.4) (0.0, 1.0, 0.0, 0.0)","(-2.9, -0.9, -3.5) (0.0, 0.6, 0.0, 0.8)","(-4.0, -0.9, -4.0) (0.0, 0.9, 0.0, 0.4)",_,_,_,_,_,"(-5.5, -0.9, -4.0) (0.0, 0.2, 0.0, 1.0)",https://acsdissertation.s3-eu-west-1.amazonaws.com/128_1_0_6_3_0.9405818_0_1_1_0.7348465_0.9405816_0.9405818_0.9405818_213_333_93.00002_0_0_1_0_1_1_0_0_50_0_0_7.png
129,data/screenshots/129_0_1_5_3_0.929933_0_1_1_0_0.9299329_0.929933_0.929933_251_11_131_0_0_1_0_1_1_0_0_50_0_0_6.png,0,1,5,3,0.929933,0,1,1,0,0.9299329,0.929933,0.929933,251,11,131,0,0,1,0,1,1,0,0,50,0,50,0,0,6,"(-7.5, -0.9, -0.6) (0.0, 1.0, 0.0, 0.0)","(-6.7, -0.9, -2.0) (0.0, -0.5, 0.0, 0.9)","(-8.3, -0.9, -2.0) (0.0, 0.5, 0.0, 0.9)","(-4.3, -0.9, -4.7) (0.0, 0.7, 0.0, 0.8)","(-4.2, -0.9, -0.7) (0.0, 1.0, 0.0, 0.0)",_,_,_,_,_,_,"(-7.5, -0.9, -1.5) (0.0, 0.1, 0.0, -1.0)",https://acsdissertation.s3-eu-west-1.amazonaws.com/129_0_1_5_3_0.929933_0_1_1_0_0.9299329_0.929933_0.929933_251_11_131_0_0_1_0_1_1_0_0_50_0_0_6.png
130,data/screenshots/130_1_0_3_3_0.5517791_0_1_1_2.02973_0.551779_0.551779_0.5517792_76_316_196_0_0_0_0_1_1_0_1_2.354106_1_0_6.png,1,0,3,3,0.5517791,0,1,1,2.02973,0.551779,0.551779,0.5517792,76,316,196,0,0,0,0,1,1,0,1,2.354106,1,2.584035,0,0,6,"(-3.0, -0.9, -2.4) (0.0, 1.0, 0.0, 0.0)","(-2.5, -0.9, -3.3) (0.0, -0.5, 0.0, 0.9)","(-3.5, -0.9, -3.3) (0.0, 0.5, 0.0, 0.9)",_,_,_,_,_,"(-4.2, -0.9, -1.0) (0.0, 0.8, 0.0, -0.6)",_,"(-5.3, -0.9, -4.1) (0.0, 0.9, 0.0, 0.5)","(-3.0, -0.9, -3.0) (0.0, 0.6, 0.0, -0.8)",https://acsdissertation.s3-eu-west-1.amazonaws.com/130_1_0_3_3_0.5517791_0_1_1_2.02973_0.551779_0.551779_0.5517792_76_316_196_0_0_0_0_1_1_0_1_2.354106_1_0_6.png
131,data/screenshots/131_0_1_2_3_0.6053967_0_1_1_0_0.6053967_0.6053968_0.6053969_333_213_92.99999_0_1_0_0_1_1_0_0_50_0_0_4.png,0,1,2,3,0.6053967,0,1,1,0,0.6053967,0.6053968,0.6053969,333,213,92.99999,0,1,0,0,1,1,0,0,50,0,50,0,0,4,"(-7.5, -0.9, -0.9) (0.0, 1.0, 0.0, 0.0)","(-7.0, -0.9, -1.8) (0.0, -0.5, 0.0, 0.9)","(-8.0, -0.9, -1.8) (0.0, 0.5, 0.0, 0.9)",_,_,_,_,_,_,_,_,"(-7.5, -0.9, -1.5) (0.0, 0.2, 0.0, 1.0)",https://acsdissertation.s3-eu-west-1.amazonaws.com/131_0_1_2_3_0.6053967_0_1_1_0_0.6053967_0.6053968_0.6053969_333_213_92.99999_0_1_0_0_1_1_0_0_50_0_0_4.png
132,data/screenshots/132_0_1_2_3_0.5428072_0_1_1_0_0.5428071_0.5428072_0.5428072_254_13.99999_134_0_0_1_0_1_1_1_0_50_0_0_4.png,0,1,2,3,0.5428072,0,1,1,0,0.5428071,0.5428072,0.5428072,254,13.99999,134,0,0,1,0,1,1,1,0,50,0,50,0,0,4,"(-3.0, -0.9, -2.5) (0.0, 1.0, 0.0, 0.0)","(-2.5, -0.9, -3.3) (0.0, -0.5, 0.0, 0.9)","(-3.5, -0.9, -3.3) (0.0, 0.5, 0.0, 0.9)",_,_,_,_,_,_,_,_,"(-3.0, -0.9, -3.0) (0.0, 0.8, 0.0, 0.6)",https://acsdissertation.s3-eu-west-1.amazonaws.com/132_0_1_2_3_0.5428072_0_1_1_0_0.5428071_0.5428072_0.5428072_254_13.99999_134_0_0_1_0_1_1_1_0_50_0_0_4.png
133,data/screenshots/133_1_0_2_3_0.5537599_1.397208_0_0_1.789364_0.8436681_1.159666_1.732925_179.1765_148.8144_196.2705_177.9218_0_0_0_0_0_1_2_1.159666_0_0_6.png,1,0,2,3,0.5537599,1.397208,0,0,1.789364,0.8436681,1.159666,1.732925,179.1765,148.8144,196.2705,177.9218,0,0,0,0,0,1,2,1.159666,0,50,0,1,6,"(-4.0, -0.9, -1.9) (0.0, 1.0, 0.0, 0.0)","(-3.5, -0.9, -2.8) (0.0, -0.5, 0.0, 0.9)","(-4.5, -0.9, -2.8) (0.0, 0.5, 0.0, 0.9)",_,_,_,_,_,"(-5.3, -0.9, -3.2) (0.0, 0.1, 0.0, -1.0)","(-3.9, -0.9, -3.2) (0.0, 0.2, 0.0, -1.0)",_,"(-2.8, -0.9, -3.2) (0.0, -0.9, 0.0, -0.5)",https://acsdissertation.s3-eu-west-1.amazonaws.com/133_1_0_2_3_0.5537599_1.397208_0_0_1.789364_0.8436681_1.159666_1.732925_179.1765_148.8144_196.2705_177.9218_0_0_0_0_0_1_2_1.159666_0_0_6.png
134,data/screenshots/134_0_1_6_0_50_50_0_0_0_0.4771665_0.9576082_1.342023_7.98056_300.6246_0.9159241_332.5403_1_0_1_1_1_0_0_50_0_0_7.png,0,1,6,0,50,50,0,0,0,0.4771665,0.9576082,1.342023,7.98056,300.6246,0.9159241,332.5403,1,0,1,1,1,0,0,50,0,50,0,0,7,"(-4.0, -0.9, -2.9) (0.0, 0.4, 0.0, 0.9)","(-3.1, -0.9, -2.9) (0.0, 0.0, 0.0, -1.0)","(-4.0, -0.9, -2.1) (0.0, 0.7, 0.0, 0.8)","(-6.2, -0.9, -3.9) (0.0, 0.9, 0.0, 0.4)","(-3.1, -0.9, -2.0) (0.0, 0.9, 0.0, 0.5)","(-4.3, -0.9, -3.8) (0.0, 0.0, 0.0, 1.0)",_,_,_,_,_,"(-2.7, -0.9, -2.1) (0.0, -0.7, 0.0, 0.7)",https://acsdissertation.s3-eu-west-1.amazonaws.com/134_0_1_6_0_50_50_0_0_0_0.4771665_0.9576082_1.342023_7.98056_300.6246_0.9159241_332.5403_1_0_1_1_1_0_0_50_0_0_7.png
135,data/screenshots/135_1_0_6_3_0.758258_0_1_1_0.7469623_0.7582579_0.7582579_0.758258_97.00001_217_337_0_0_0_1_1_1_0_0_50_0_1_7.png,1,0,6,3,0.758258,0,1,1,0.7469623,0.7582579,0.7582579,0.758258,97.00001,217,337,0,0,0,1,1,1,0,0,50,0,50,1,0,7,"(-4.0, -0.9, -1.7) (0.0, 1.0, 0.0, 0.0)","(-3.3, -0.9, -2.9) (0.0, -0.5, 0.0, 0.9)","(-4.7, -0.9, -2.9) (0.0, 0.5, 0.0, 0.9)","(-4.9, -0.9, -4.9) (0.0, 0.3, 0.0, 1.0)","(-6.5, -0.9, -4.1) (0.0, 0.8, 0.0, -0.6)",_,"(-5.7, -0.3, -0.3) (0.0, -0.7, 0.0, 0.7)",_,_,_,_,"(-4.0, -0.9, -2.5) (0.0, 0.2, 0.0, 1.0)",https://acsdissertation.s3-eu-west-1.amazonaws.com/135_1_0_6_3_0.758258_0_1_1_0.7469623_0.7582579_0.7582579_0.758258_97.00001_217_337_0_0_0_1_1_1_0_0_50_0_1_7.png
136,data/screenshots/136_0_1_5_3_0.6986175_1.846836_0_1_0_0.6346189_1.150087_2.249012_181.1952_357.9922_16.11263_46.88866_0_1_1_0_0_0_1_2.629308_1_0_7.png,0,1,5,3,0.6986175,1.846836,0,1,0,0.6346189,1.150087,2.249012,181.1952,357.9922,16.11263,46.88866,0,1,1,0,0,0,1,2.629308,1,3.180614,0,0,7,"(-4.0, -0.9, -1.8) (0.0, 1.0, 0.0, 0.0)","(-3.4, -0.9, -2.8) (0.0, -0.5, 0.0, 0.9)","(-4.6, -0.9, -2.8) (0.0, 0.5, 0.0, 0.9)","(-6.1, -0.9, -3.9) (0.0, 0.1, 0.0, 1.0)",_,_,_,_,"(-3.2, -0.9, -2.4) (0.0, 1.0, 0.0, 0.3)",_,"(-7.0, -0.9, -0.7) (0.0, 0.8, 0.0, 0.6)","(-5.5, -0.9, -3.5) (0.0, 0.5, 0.0, 0.9)",https://acsdissertation.s3-eu-west-1.amazonaws.com/136_0_1_5_3_0.6986175_1.846836_0_1_0_0.6346189_1.150087_2.249012_181.1952_357.9922_16.11263_46.88866_0_1_1_0_0_0_1_2.629308_1_0_7.png
137,data/screenshots/137_1_0_2_3_0.9282691_4.441157_0_0_2.233784_1.778884_3.962475_4.156314_121.6288_190.8791_168.1972_244.5523_0_0_0_0_1_0_0_50_0_1_5.png,1,0,2,3,0.9282691,4.441157,0,0,2.233784,1.778884,3.962475,4.156314,121.6288,190.8791,168.1972,244.5523,0,0,0,0,1,0,0,50,0,50,1,0,5,"(-3.0, -0.9, -2.1) (0.0, 1.0, 0.0, 0.0)","(-2.2, -0.9, -3.5) (0.0, -0.5, 0.0, 0.9)","(-3.8, -0.9, -3.5) (0.0, 0.5, 0.0, 0.9)",_,_,_,"(-5.7, -0.3, -0.3) (0.0, -0.7, 0.0, 0.7)",_,_,_,_,"(-7.1, -0.9, -1.2) (0.0, 0.5, 0.0, -0.8)",https://acsdissertation.s3-eu-west-1.amazonaws.com/137_1_0_2_3_0.9282691_4.441157_0_0_2.233784_1.778884_3.962475_4.156314_121.6288_190.8791_168.1972_244.5523_0_0_0_0_1_0_0_50_0_1_5.png
138,data/screenshots/138_0_1_4_0_50_50_0_0_0_1.778761_1.934928_3.222178_23.18004_54.76428_281.2148_219.4821_1_0_0_0_0_0_0_50_0_1_5.png,0,1,4,0,50,50,0,0,0,1.778761,1.934928,3.222178,23.18004,54.76428,281.2148,219.4821,1,0,0,0,0,0,0,50,0,50,1,0,5,"(-8.5, -0.9, -0.3) (0.0, 0.1, 0.0, 1.0)","(-2.6, -0.9, -3.8) (0.0, 1.0, 0.0, 0.0)","(-2.7, -0.9, -2.8) (0.0, 0.3, 0.0, 0.9)",_,_,_,"(-5.7, -0.3, -0.3) (0.0, -0.7, 0.0, 0.7)",_,_,_,_,"(-4.4, -0.9, -3.2) (-0.2, 0.5, 0.1, 0.9)",https://acsdissertation.s3-eu-west-1.amazonaws.com/138_0_1_4_0_50_50_0_0_0_1.778761_1.934928_3.222178_23.18004_54.76428_281.2148_219.4821_1_0_0_0_0_0_0_50_0_1_5.png
139,data/screenshots/139_0_1_5_0_50_50_0_0_0_0.9397128_1.169643_4.318199_25.97412_290.765_21.24841_166.491_1_0_1_0_0_1_0_50_0_0_6.png,0,1,5,0,50,50,0,0,0,0.9397128,1.169643,4.318199,25.97412,290.765,21.24841,166.491,1,0,1,0,0,1,0,50,0,50,0,0,6,"(-7.7, -0.9, -1.3) (0.0, 0.7, 0.0, 0.7)","(-5.2, -0.9, -4.7) (0.0, 0.8, 0.0, 0.6)","(-8.5, -0.9, -0.3) (0.0, 0.9, 0.0, -0.3)","(-4.0, -0.9, -3.7) (0.0, 0.1, 0.0, 1.0)","(-4.2, -0.9, -0.3) (0.0, 1.0, 0.0, -0.3)",_,_,_,_,_,_,"(-4.1, -0.9, -4.6) (-0.1, -0.2, 0.0, 1.0)",https://acsdissertation.s3-eu-west-1.amazonaws.com/139_0_1_5_0_50_50_0_0_0_0.9397128_1.169643_4.318199_25.97412_290.765_21.24841_166.491_1_0_1_0_0_1_0_50_0_0_6.png
140,data/screenshots/140_1_0_3_0_50_50_0_0_1.304393_0.5048603_0.6957451_0.8966924_20.77042_168.3966_357.8927_298.5357_1_0_1_0_0_0_0_50_0_0_4.png,1,0,3,0,50,50,0,0,1.304393,0.5048603,0.6957451,0.8966924,20.77042,168.3966,357.8927,298.5357,1,0,1,0,0,0,0,50,0,50,0,0,4,"(-2.8, -0.9, -2.5) (0.0, 0.8, 0.0, -0.6)","(-3.0, -0.9, -2.1) (0.0, 0.9, 0.0, -0.5)","(-2.8, -0.9, -3.6) (0.0, 0.6, 0.0, -0.8)",_,_,_,_,_,_,_,_,"(-3.0, -0.9, -3.0) (0.0, 0.0, 0.0, 1.0)",https://acsdissertation.s3-eu-west-1.amazonaws.com/140_1_0_3_0_50_50_0_0_1.304393_0.5048603_0.6957451_0.8966924_20.77042_168.3966_357.8927_298.5357_1_0_1_0_0_0_0_50_0_0_4.png
141,data/screenshots/141_0_1_0_0_50_50_0_0_0_50_50_50_1000_1000_1000_1000_0_0_0_0_0_0_0_50_0_0_1.png,0,1,0,0,50,50,0,0,0,50,50,50,1000,1000,1000,1000,0,0,0,0,0,0,0,50,0,50,0,0,1,_,_,_,_,_,_,_,_,_,_,_,"(-2.8, -0.9, -3.1) (0.0, 1.0, 0.0, 0.1)",https://acsdissertation.s3-eu-west-1.amazonaws.com/141_0_1_0_0_50_50_0_0_0_50_50_50_1000_1000_1000_1000_0_0_0_0_0_0_0_50_0_0_1.png
142,data/screenshots/142_0_1_6_5_0.6115904_4.132518_0_0_0_3.378967_3.587455_3.742403_108.3686_184.1288_173.1336_324.3499_0_0_0_1_0_0_0_50_0_0_7.png,0,1,6,5,0.6115904,4.132518,0,0,0,3.378967,3.587455,3.742403,108.3686,184.1288,173.1336,324.3499,0,0,0,1,0,0,0,50,0,50,0,0,7,"(-3.0, -0.9, -2.4) (0.0, 1.0, 0.0, 0.0)","(-2.4, -0.9, -2.8) (0.0, -0.8, 0.0, 0.6)","(-2.6, -0.9, -3.5) (0.0, -0.3, 0.0, 1.0)","(-3.4, -0.9, -3.5) (0.0, 0.3, 0.0, 1.0)","(-3.6, -0.9, -2.8) (0.0, 0.8, 0.0, 0.6)","(-7.2, -0.9, -1.7) (0.0, 1.0, 0.0, -0.2)",_,_,_,_,_,"(-6.6, -0.9, -5.0) (0.0, 0.9, 0.0, -0.5)",https://acsdissertation.s3-eu-west-1.amazonaws.com/142_0_1_6_5_0.6115904_4.132518_0_0_0_3.378967_3.587455_3.742403_108.3686_184.1288_173.1336_324.3499_0_0_0_1_0_0_0_50_0_0_7.png
143,data/screenshots/143_1_0_6_5_0.8668211_2.597564_0_0_2.813131_1.804254_2.180279_2.760664_189.2557_161.6292_198.2928_208.8151_0_0_0_0_0_0_0_50_0_0_7.png,1,0,6,5,0.8668211,2.597564,0,0,2.813131,1.804254,2.180279,2.760664,189.2557,161.6292,198.2928,208.8151,0,0,0,0,0,0,0,50,0,50,0,1,7,"(-3.0, -0.9, -2.1) (0.0, 1.0, 0.0, 0.0)","(-2.2, -0.9, -2.7) (0.0, -0.8, 0.0, 0.6)","(-2.5, -0.9, -3.7) (0.0, -0.3, 0.0, 1.0)","(-3.5, -0.9, -3.7) (0.0, 0.3, 0.0, 1.0)","(-3.8, -0.9, -2.7) (0.0, 0.8, 0.0, 0.6)","(-8.0, -0.9, -1.6) (0.0, 0.7, 0.0, -0.8)",_,_,_,_,_,"(-5.1, -0.9, -4.5) (0.0, 0.9, 0.0, -0.5)",https://acsdissertation.s3-eu-west-1.amazonaws.com/143_1_0_6_5_0.8668211_2.597564_0_0_2.813131_1.804254_2.180279_2.760664_189.2557_161.6292_198.2928_208.8151_0_0_0_0_0_0_0_50_0_0_7.png
144,data/screenshots/144_1_0_1_5_0.7796165_0_1_1_2.046156_0.7796161_0.7796165_0.7796165_120_192_264_0_0_0_0_1_1_1_0_50_0_0_6.png,1,0,1,5,0.7796165,0,1,1,2.046156,0.7796161,0.7796165,0.7796165,120,192,264,0,0,0,0,1,1,1,0,50,0,50,0,0,6,"(-7.5, -0.9, -0.7) (0.0, 1.0, 0.0, 0.0)","(-6.8, -0.9, -1.3) (0.0, -0.8, 0.0, 0.6)","(-7.0, -0.9, -2.1) (0.0, -0.3, 0.0, 1.0)","(-8.0, -0.9, -2.1) (0.0, 0.3, 0.0, 1.0)","(-8.2, -0.9, -1.3) (0.0, 0.8, 0.0, 0.6)",_,_,_,_,_,_,"(-7.5, -0.9, -1.5) (0.0, 1.0, 0.0, 0.1)",https://acsdissertation.s3-eu-west-1.amazonaws.com/144_1_0_1_5_0.7796165_0_1_1_2.046156_0.7796161_0.7796165_0.7796165_120_192_264_0_0_0_0_1_1_1_0_50_0_0_6.png
145,data/screenshots/145_0_1_2_5_0.9764498_2.964197_0_1_0_2.000706_2.689426_2.949762_356.269_19.10245_340.9949_168.6069_1_1_1_0_0_0_0_50_0_0_6.png,0,1,2,5,0.9764498,2.964197,0,1,0,2.000706,2.689426,2.949762,356.269,19.10245,340.9949,168.6069,1,1,1,0,0,0,0,50,0,50,0,0,6,"(-7.5, -0.9, -0.5) (0.0, 1.0, 0.0, 0.0)","(-6.6, -0.9, -1.2) (0.0, -0.8, 0.0, 0.6)","(-6.9, -0.9, -2.3) (0.0, -0.3, 0.0, 1.0)","(-8.1, -0.9, -2.3) (0.0, 0.3, 0.0, 1.0)","(-8.4, -0.9, -1.2) (0.0, 0.8, 0.0, 0.6)",_,_,_,_,_,_,"(-5.5, -0.9, -3.6) (0.0, -0.4, 0.0, 0.9)",https://acsdissertation.s3-eu-west-1.amazonaws.com/145_0_1_2_5_0.9764498_2.964197_0_1_0_2.000706_2.689426_2.949762_356.269_19.10245_340.9949_168.6069_1_1_1_0_0_0_0_50_0_0_6.png
146,data/screenshots/146_1_0_5_0_50_50_0_0_1.78818_1.703592_3.095618_3.371556_4.187805_303.1203_28.01465_93.45306_1_0_1_0_0_0_0_50_0_2_6.png,1,0,5,0,50,50,0,0,1.78818,1.703592,3.095618,3.371556,4.187805,303.1203,28.01465,93.45306,1,0,1,0,0,0,0,50,0,50,2,0,6,"(-7.2, -0.9, -1.5) (0.0, 0.9, 0.0, -0.5)","(-7.6, -0.9, -2.3) (0.0, 1.0, 0.0, 0.3)","(-6.5, -0.9, -4.5) (0.0, 0.3, 0.0, -1.0)",_,_,_,"(-5.7, -0.3, -0.3) (0.0, -0.7, 0.0, 0.7)","(-5.3, -0.7, -2.1) (0.0, -0.8, 0.0, 0.7)",_,_,_,"(-3.8, -0.9, -3.0) (0.0, -0.5, 0.0, 0.9)",https://acsdissertation.s3-eu-west-1.amazonaws.com/146_1_0_5_0_50_50_0_0_1.78818_1.703592_3.095618_3.371556_4.187805_303.1203_28.01465_93.45306_1_0_1_0_0_0_0_50_0_2_6.png
147,data/screenshots/147_0_1_6_4_0.7339939_0_1_1_0_0.7339935_0.7339939_0.733994_287_17_107_0_0_1_0_1_1_1_1_4.062857_0_0_7.png,0,1,6,4,0.7339939,0,1,1,0,0.7339935,0.7339939,0.733994,287,17,107,0,0,1,0,1,1,1,1,4.062857,0,50,0,0,7,"(-7.5, -0.9, -0.8) (0.0, 1.0, 0.0, 0.0)","(-6.8, -0.9, -1.5) (0.0, -0.7, 0.0, 0.7)","(-7.5, -0.9, -2.2) (0.0, 0.0, 0.0, 1.0)","(-8.2, -0.9, -1.5) (0.0, 0.7, 0.0, 0.7)","(-3.2, -0.9, -2.1) (0.0, 1.0, 0.0, -0.1)",_,_,_,"(-5.3, -0.9, -4.9) (0.0, 0.9, 0.0, -0.3)",_,_,"(-7.5, -0.9, -1.5) (0.0, 0.1, 0.0, -1.0)",https://acsdissertation.s3-eu-west-1.amazonaws.com/147_0_1_6_4_0.7339939_0_1_1_0_0.7339935_0.7339939_0.733994_287_17_107_0_0_1_0_1_1_1_1_4.062857_0_0_7.png
148,data/screenshots/148_1_0_6_0_50_50_1_0_0.9932284_0.9349091_3.541238_3.996274_176.2942_145.9659_140.3689_293.2942_0_0_0_0_0_0_0_50_0_0_7.png,1,0,6,0,50,50,1,0,0.9932284,0.9349091,3.541238,3.996274,176.2942,145.9659,140.3689,293.2942,0,0,0,0,0,0,0,50,0,50,0,0,7,"(-4.3, -0.9, -0.8) (0.0, 0.9, 0.0, 0.4)","(-3.8, -0.9, -1.2) (0.0, 1.0, 0.0, -0.1)","(-3.2, -0.9, -3.0) (0.0, 0.9, 0.0, 0.3)","(-3.0, -0.9, -2.5) (0.0, 0.6, 0.0, -0.8)","(-5.2, -0.9, -5.0) (0.0, 0.2, 0.0, -1.0)","(-7.9, -0.9, -1.2) (0.0, 0.2, 0.0, -1.0)",_,_,_,_,_,"(-6.1, -0.9, -5.0) (0.0, -0.7, 0.0, 0.7)",https://acsdissertation.s3-eu-west-1.amazonaws.com/148_1_0_6_0_50_50_1_0_0.9932284_0.9349091_3.541238_3.996274_176.2942_145.9659_140.3689_293.2942_0_0_0_0_0_0_0_50_0_0_7.png
149,data/screenshots/149_1_0_4_3_0.7078502_0_1_1_0.8226438_0.70785_0.7078501_0.7078502_67_307_187_0_0_0_0_1_0_0_0_50_0_0_5.png,1,0,4,3,0.7078502,0,1,1,0.8226438,0.70785,0.7078501,0.7078502,67,307,187,0,0,0,0,1,0,0,0,50,0,50,0,0,5,"(-7.5, -0.9, -0.8) (0.0, 1.0, 0.0, 0.0)","(-6.9, -0.9, -1.9) (0.0, -0.5, 0.0, 0.9)","(-8.1, -0.9, -1.9) (0.0, 0.5, 0.0, 0.9)","(-4.3, -0.9, -1.8) (0.0, 0.5, 0.0, 0.9)",_,_,_,_,_,_,_,"(-7.5, -0.9, -1.5) (0.0, 1.0, 0.0, 0.1)",https://acsdissertation.s3-eu-west-1.amazonaws.com/149_1_0_4_3_0.7078502_0_1_1_0.8226438_0.70785_0.7078501_0.7078502_67_307_187_0_0_0_0_1_0_0_0_50_0_0_5.png
