Stamp,File Path,Using circle,Using arrow,Number of people,Number of people in group,Group radius,Distance to group,Robot within group?,Robot facing group?,Robot work radius,Distance to closest human,Distance to 2nd closest human,Distance to 3rd closest human,Direction to closest human,Direction to 2nd closest human,Direction to 3rd closest human,Direction from closest human to robot,Robot facing closest human?,Robot facing 2nd closest human?,Robot facing 3rd closest human?,Closest human facing robot?,2nd closest human facing robot?,3d closest human facing robot?,Number of children,Distance to closest child,Number of animals,Distance to closest animal,Number of people sitting/laying in sofa?,Music playing?,Number of agents in scene,PosRot1,PosRot2,PosRot3,PosRot4,PosRot5,PosRot6,PosRot7,PosRot8,PosRot9,PosRot10,PosRot11,PosRotPepper,
250,data/screenshots/250_1_0_1_0_50_50_0_0_2.233042_3.44665_50_50_318.7493_1000_1000_164.7493_0_0_0_0_0_0_0_50_0_0_2.png,1,0,1,0,50,50,0,0,2.233042,3.44665,50,50,318.7493,1000,1000,164.7493,0,0,0,0,0,0,0,50,0,50,0,0,2,"(-7.3, -0.9, -2.3) (0.0, 0.2, 0.0, -1.0)",_,_,_,_,_,_,_,_,_,_,"(-5.0, -0.9, -4.9) (0.0, 0.0, 0.0, 1.0)",
251,data/screenshots/251_1_0_3_0_50_50_0_0_1.479784_2.966638_3.309728_4.480283_112.1825_146.933_117.9969_194.7462_0_0_0_0_0_0_1_4.480283_0_2_4.png,1,0,3,0,50,50,0,0,1.479784,2.966638,3.309728,4.480283,112.1825,146.933,117.9969,194.7462,0,0,0,0,0,0,1,4.480283,0,50,2,0,4,_,_,_,_,_,_,"(-5.7, -0.3, -0.3) (0.0, -0.7, 0.0, 0.7)","(-5.3, -0.7, -2.1) (0.0, -0.8, 0.0, 0.7)","(-4.1, -0.9, -0.2) (0.0, 0.5, 0.0, 0.9)",_,_,"(-8.4, -0.9, -1.2) (0.0, -0.4, 0.0, 0.9)",
252,data/screenshots/252_1_0_5_4_0.5490853_0_1_1_2.934666_0.5490851_0.5490853_0.5490854_124_34_214_0_0_1_0_1_0_1_0_50_1_0_7.png,1,0,5,4,0.5490853,0,1,1,2.934666,0.5490851,0.5490853,0.5490854,124,34,214,0,0,1,0,1,0,1,0,50,1,1.050647,0,0,7,"(-7.5, -0.9, -1.0) (0.0, 1.0, 0.0, 0.0)","(-7.0, -0.9, -1.5) (0.0, -0.7, 0.0, 0.7)","(-7.5, -0.9, -2.0) (0.0, 0.0, 0.0, 1.0)","(-8.0, -0.9, -1.5) (0.0, 0.7, 0.0, 0.7)","(-4.1, -0.9, -0.3) (0.0, 0.2, 0.0, -1.0)",_,_,_,_,_,"(-7.9, -0.9, -2.5) (0.0, 0.4, 0.0, -0.9)","(-7.5, -0.9, -1.5) (0.0, 0.3, 0.0, -1.0)",
253,data/screenshots/253_1_0_0_4_0.9231637_2.483733_0_0_1.042633_1.702936_2.238271_3.005407_166.2454_201.7562_163.9756_140.2311_0_0_0_0_1_0_0_50_0_0_5.png,1,0,0,4,0.9231637,2.483733,0,0,1.042633,1.702936,2.238271,3.005407,166.2454,201.7562,163.9756,140.2311,0,0,0,0,1,0,0,50,0,50,0,1,5,"(-3.0, -0.9, -2.1) (0.0, 1.0, 0.0, 0.0)","(-2.1, -0.9, -3.0) (0.0, -0.7, 0.0, 0.7)","(-3.0, -0.9, -3.9) (0.0, 0.0, 0.0, 1.0)","(-3.9, -0.9, -3.0) (0.0, 0.7, 0.0, 0.7)",_,_,_,_,_,_,_,"(-5.2, -0.9, -4.1) (0.0, 0.8, 0.0, -0.5)",
254,data/screenshots/254_0_1_5_0_50_50_0_0_0_1.244967_1.717159_2.204261_191.3206_356.5493_256.5566_286.5517_0_1_0_0_0_0_0_50_1_0_7.png,0,1,5,0,50,50,0,0,0,1.244967,1.717159,2.204261,191.3206,356.5493,256.5566,286.5517,0,1,0,0,0,0,0,50,1,1.842624,0,0,7,"(-5.0, -0.9, -4.9) (0.0, 0.9, 0.0, 0.4)","(-4.3, -0.9, -0.9) (0.0, 0.1, 0.0, 1.0)","(-5.7, -0.9, -3.0) (0.0, 0.1, 0.0, 1.0)","(-2.6, -0.9, -3.2) (0.0, 0.8, 0.0, 0.6)","(-3.9, -0.9, -0.4) (0.0, 1.0, 0.0, 0.1)",_,_,_,_,_,"(-5.6, -0.9, -4.9) (0.0, 0.9, 0.0, -0.3)","(-3.9, -0.9, -4.3) (0.0, 0.4, 0.0, 0.9)",
255,data/screenshots/255_0_1_6_3_0.8188016_0_1_1_0_0.8188016_0.8188018_0.8188018_190_310_70_0_0_0_0_1_1_1_1_0.8348531_0_0_7.png,0,1,6,3,0.8188016,0,1,1,0,0.8188016,0.8188018,0.8188018,190,310,70,0,0,0,0,1,1,1,1,0.8348531,0,50,0,0,7,"(-5.5, -0.9, -3.2) (0.0, 1.0, 0.0, 0.0)","(-4.8, -0.9, -4.4) (0.0, -0.5, 0.0, 0.9)","(-6.2, -0.9, -4.4) (0.0, 0.5, 0.0, 0.9)","(-3.1, -0.9, -3.7) (0.0, 0.7, 0.0, -0.7)","(-3.0, -0.9, -2.7) (0.0, 0.1, 0.0, -1.0)",_,_,_,"(-6.1, -0.9, -3.5) (0.0, 0.5, 0.0, -0.9)",_,_,"(-5.5, -0.9, -4.0) (0.0, 1.0, 0.0, 0.1)",
256,data/screenshots/256_0_1_2_3_0.9491122_0_1_1_0_0.9491121_0.9491121_0.9491122_36.00001_156_276_0_1_0_0_1_1_0_2_1.154996_0_0_6.png,0,1,2,3,0.9491122,0,1,1,0,0.9491121,0.9491121,0.9491122,36.00001,156,276,0,1,0,0,1,1,0,2,1.154996,0,50,0,0,6,"(-5.5, -0.9, -3.1) (0.0, 1.0, 0.0, 0.0)","(-4.7, -0.9, -4.5) (0.0, -0.5, 0.0, 0.9)","(-6.3, -0.9, -4.5) (0.0, 0.5, 0.0, 0.9)",_,_,_,_,_,"(-6.6, -0.9, -3.5) (0.0, 0.5, 0.0, 0.9)","(-4.2, -0.9, -4.5) (0.0, 1.0, 0.0, 0.1)",_,"(-5.5, -0.9, -4.0) (0.0, 0.7, 0.0, 0.7)",
257,data/screenshots/257_0_1_5_0_50_50_1_0_0_0.4458517_0.8988017_1.264468_143.3226_110.2808_359.1561_246.3226_0_0_1_0_0_1_0_50_0_0_6.png,0,1,5,0,50,50,1,0,0,0.4458517,0.8988017,1.264468,143.3226,110.2808,359.1561,246.3226,0,0,1,0,0,1,0,50,0,50,0,0,6,"(-4.0, -0.9, -4.0) (0.0, 1.0, 0.0, 0.0)","(-3.1, -0.9, -2.5) (0.0, 0.4, 0.0, 0.9)","(-8.2, -0.9, -1.0) (0.0, 0.9, 0.0, 0.4)","(-2.8, -0.9, -3.0) (0.0, 0.4, 0.0, -0.9)","(-8.0, -0.9, -1.7) (0.0, 0.7, 0.0, -0.8)",_,_,_,_,_,_,"(-3.0, -0.9, -3.4) (0.0, -0.9, 0.0, 0.5)",
258,data/screenshots/258_1_0_2_0_50_50_1_0_0.6023954_0.6464045_2.018559_50_231.7599_82.26646_1000_18.08247_0_0_0_1_0_0_0_50_0_0_3.png,1,0,2,0,50,50,1,0,0.6023954,0.6464045,2.018559,50,231.7599,82.26646,1000,18.08247,0,0,0,1,0,0,0,50,0,50,0,0,3,"(-3.2, -0.9, -3.8) (0.0, 0.9, 0.0, 0.4)","(-5.7, -0.9, -3.4) (0.0, 0.5, 0.0, 0.9)",_,_,_,_,_,_,_,_,_,"(-5.1, -0.9, -3.3) (0.0, 0.2, 0.0, 1.0)",
259,data/screenshots/259_0_1_1_0_50_50_1_0_0_1.299413_50_50_7.481628_1000_1000_220.5641_1_0_0_0_0_0_0_50_0_0_2.png,0,1,1,0,50,50,1,0,0,1.299413,50,50,7.481628,1000,1000,220.5641,1,0,0,0,0,0,0,50,0,50,0,0,2,"(-4.4, -0.9, -2.9) (0.0, 0.9, 0.0, -0.4)",_,_,_,_,_,_,_,_,_,_,"(-3.2, -0.9, -2.7) (0.0, -0.8, 0.0, 0.6)",
260,data/screenshots/260_1_0_5_4_0.7677261_0_1_1_2.091508_0.7677259_0.7677262_0.7677262_45_135_225_0_0_0_0_1_1_1_0_50_1_0_7.png,1,0,5,4,0.7677261,0,1,1,2.091508,0.7677259,0.7677262,0.7677262,45,135,225,0,0,0,0,1,1,1,0,50,1,3.158805,0,0,7,"(-4.0, -0.9, -1.7) (0.0, 1.0, 0.0, 0.0)","(-3.2, -0.9, -2.5) (0.0, -0.7, 0.0, 0.7)","(-4.0, -0.9, -3.3) (0.0, 0.0, 0.0, 1.0)","(-4.8, -0.9, -2.5) (0.0, 0.7, 0.0, 0.7)","(-5.5, -0.9, -4.7) (0.0, 0.9, 0.0, 0.5)",_,_,_,_,_,"(-7.2, -0.9, -2.5) (0.0, 0.9, 0.0, 0.5)","(-4.0, -0.9, -2.5) (0.0, 0.9, 0.0, -0.4)",
261,data/screenshots/261_1_0_6_3_0.6832419_2.319017_0_0_2.211311_1.677198_1.858296_2.561567_186.8104_248.9354_164.9411_203.7339_0_0_0_0_1_0_2_1.858296_0_0_7.png,1,0,6,3,0.6832419,2.319017,0,0,2.211311,1.677198,1.858296,2.561567,186.8104,248.9354,164.9411,203.7339,0,0,0,0,1,0,2,1.858296,0,50,0,0,7,"(-4.0, -0.9, -1.8) (0.0, 1.0, 0.0, 0.0)","(-3.4, -0.9, -2.8) (0.0, -0.5, 0.0, 0.9)","(-4.6, -0.9, -2.8) (0.0, 0.5, 0.0, 0.9)","(-2.9, -0.9, -2.8) (0.0, 0.8, 0.0, -0.6)",_,_,_,_,"(-2.9, -0.9, -3.8) (0.0, 0.4, 0.0, -0.9)","(-5.2, -0.9, -4.6) (0.0, 0.1, 0.0, -1.0)",_,"(-6.3, -0.9, -3.0) (0.0, 0.8, 0.0, -0.6)",
262,data/screenshots/262_1_0_2_3_0.7543675_0_1_1_0.7418104_0.7543673_0.7543675_0.7543675_12_132_252_0_1_0_0_1_1_0_0_50_0_0_4.png,1,0,2,3,0.7543675,0,1,1,0.7418104,0.7543673,0.7543675,0.7543675,12,132,252,0,1,0,0,1,1,0,0,50,0,50,0,0,4,"(-4.0, -0.9, -1.7) (0.0, 1.0, 0.0, 0.0)","(-3.3, -0.9, -2.9) (0.0, -0.5, 0.0, 0.9)","(-4.7, -0.9, -2.9) (0.0, 0.5, 0.0, 0.9)",_,_,_,_,_,_,_,_,"(-4.0, -0.9, -2.5) (0.0, 0.9, 0.0, -0.4)",
263,data/screenshots/263_0_1_5_0_50_50_1_0_0_0.5148171_1.714564_3.183962_166.6424_203.6821_93.53537_67.64241_0_0_0_0_0_0_0_50_0_0_6.png,0,1,5,0,50,50,1,0,0,0.5148171,1.714564,3.183962,166.6424,203.6821,93.53537,67.64241,0,0,0,0,0,0,0,50,0,50,0,0,6,"(-7.3, -0.9, -1.7) (0.0, 1.0, 0.0, -0.1)","(-5.5, -0.9, -4.2) (0.0, 1.0, 0.0, 0.2)","(-2.9, -0.9, -3.3) (0.0, 0.3, 0.0, 1.0)","(-4.1, -0.9, -4.4) (0.0, 0.8, 0.0, 0.7)","(-7.0, -0.9, -0.5) (0.0, 1.0, 0.0, 0.1)",_,_,_,_,_,_,"(-5.8, -0.9, -4.6) (0.0, 0.9, 0.0, -0.5)",
264,data/screenshots/264_1_0_2_0_50_50_1_0_2.634579_2.430875_4.407767_50_55.17066_4.006378_1000_90.85278_0_1_0_0_1_0_0_50_0_0_3.png,1,0,2,0,50,50,1,0,2.634579,2.430875,4.407767,50,55.17066,4.006378,1000,90.85278,0,1,0,0,1,0,0,50,0,50,0,0,3,"(-6.1, -0.9, -4.3) (0.0, 0.9, 0.0, -0.4)","(-3.3, -0.9, -2.3) (0.0, 0.7, 0.0, -0.7)",_,_,_,_,_,_,_,_,_,"(-7.7, -0.9, -2.4) (0.0, 0.7, 0.0, 0.7)",
265,data/screenshots/265_1_0_1_0_50_50_1_0_2.2044_4.205455_50_50_63.0275_1000_1000_137.716_0_0_0_0_0_0_0_50_0_0_2.png,1,0,1,0,50,50,1,0,2.2044,4.205455,50,50,63.0275,1000,1000,137.716,0,0,0,0,0,0,0,50,0,50,0,0,2,"(-4.9, -0.9, -3.9) (0.0, 1.0, 0.0, -0.1)",_,_,_,_,_,_,_,_,_,_,"(-7.0, -0.9, -0.2) (0.0, 0.7, 0.0, 0.7)",
266,data/screenshots/266_0_1_4_0_50_50_1_0_0_0.9647168_1.335761_3.1084_34.92104_83.2157_93.70314_149.637_1_0_0_0_0_0_0_50_0_0_5.png,0,1,4,0,50,50,1,0,0,0.9647168,1.335761,3.1084,34.92104,83.2157,93.70314,149.637,1,0,0,0,0,0,0,50,0,50,0,0,5,"(-6.0, -0.9, -4.2) (0.0, 0.3, 0.0, -0.9)","(-7.1, -0.9, -0.5) (0.0, 0.5, 0.0, 0.9)","(-3.2, -0.9, -3.9) (0.0, 1.0, 0.0, -0.3)","(-4.2, -0.9, -3.7) (0.0, 0.2, 0.0, -1.0)",_,_,_,_,_,_,_,"(-3.1, -0.9, -2.9) (0.0, 1.0, 0.0, 0.3)",
267,data/screenshots/267_1_0_4_3_0.5706127_0_1_1_2.240208_0.5706127_0.5706127_0.5706128_184_64_304_0_0_0_0_1_1_0_0_50_1_0_6.png,1,0,4,3,0.5706127,0,1,1,2.240208,0.5706127,0.5706127,0.5706128,184,64,304,0,0,0,0,1,1,0,0,50,1,1.008011,0,0,6,"(-3.0, -0.9, -2.4) (0.0, 1.0, 0.0, 0.0)","(-2.5, -0.9, -3.3) (0.0, -0.5, 0.0, 0.9)","(-3.5, -0.9, -3.3) (0.0, 0.5, 0.0, 0.9)","(-3.9, -0.9, -2.5) (0.0, 0.4, 0.0, 0.9)",_,_,_,_,_,_,"(-2.6, -0.9, -3.9) (0.0, 0.9, 0.0, 0.4)","(-3.0, -0.9, -3.0) (0.0, 1.0, 0.0, 0.0)",
268,data/screenshots/268_1_0_7_3_0.5208828_0_1_1_1.668849_0.5208828_0.5208828_0.520883_106_226_346_0_0_0_1_1_1_1_0_50_0_2_8.png,1,0,7,3,0.5208828,0,1,1,1.668849,0.5208828,0.5208828,0.520883,106,226,346,0,0,0,1,1,1,1,0,50,0,50,2,0,8,"(-4.0, -0.9, -2.0) (0.0, 1.0, 0.0, 0.0)","(-3.5, -0.9, -2.8) (0.0, -0.5, 0.0, 0.9)","(-4.5, -0.9, -2.8) (0.0, 0.5, 0.0, 0.9)","(-2.8, -0.9, -4.1) (0.0, 0.7, 0.0, -0.7)","(-2.8, -0.9, -3.1) (0.0, 0.4, 0.0, -0.9)",_,"(-5.7, -0.3, -0.3) (0.0, -0.7, 0.0, 0.7)","(-5.3, -0.7, -2.1) (0.0, -0.8, 0.0, 0.7)",_,_,_,"(-4.0, -0.9, -2.5) (0.0, 0.8, 0.0, -0.6)",
269,data/screenshots/269_0_1_3_0_50_50_1_0_0_0.931011_1.675768_5.020553_305.0437_6.088791_76.62012_254.0437_0_1_0_0_0_0_0_50_1_0_5.png,0,1,3,0,50,50,1,0,0,0.931011,1.675768,5.020553,305.0437,6.088791,76.62012,254.0437,0,1,0,0,0,0,0,50,1,2.063303,0,0,5,"(-4.4, -0.9, -4.6) (0.0, 0.8, 0.0, 0.6)","(-7.7, -0.9, 0.0) (0.0, 0.8, 0.0, -0.6)","(-5.8, -0.9, -4.4) (0.0, 0.9, 0.0, 0.4)",_,_,_,_,_,_,_,"(-6.1, -0.9, -4.7) (0.0, 1.0, 0.0, 0.0)","(-4.3, -0.9, -3.7) (0.0, -0.9, 0.0, 0.5)",
270,data/screenshots/270_1_0_2_0_50_50_1_0_0.8407106_0.426134_1.059585_50_322.7567_297.9045_1000_105.8455_1_0_0_0_0_0_0_50_0_0_3.png,1,0,2,0,50,50,1,0,0.8407106,0.426134,1.059585,50,322.7567,297.9045,1000,105.8455,1,0,0,0,0,0,0,50,0,50,0,0,3,"(-2.8, -0.9, -3.6) (0.0, 0.8, 0.0, -0.7)","(-2.9, -0.9, -3.0) (0.0, 0.6, 0.0, -0.8)",_,_,_,_,_,_,_,_,_,"(-2.7, -0.9, -2.6) (0.0, -0.8, 0.0, 0.5)",
271,data/screenshots/271_0_1_4_3_0.9845718_2.821321_0_1_0_1.882635_1.900205_3.230837_352.6095_299.0253_17.05467_158.371_1_0_1_0_1_0_0_50_1_0_6.png,0,1,4,3,0.9845718,2.821321,0,1,0,1.882635,1.900205,3.230837,352.6095,299.0253,17.05467,158.371,1,0,1,0,1,0,0,50,1,2.642797,0,0,6,"(-3.0, -0.9, -2.0) (0.0, 1.0, 0.0, 0.0)","(-2.1, -0.9, -3.5) (0.0, -0.5, 0.0, 0.9)","(-3.9, -0.9, -3.5) (0.0, 0.5, 0.0, 0.9)","(-5.5, -0.9, -3.1) (0.0, 1.0, 0.0, -0.2)",_,_,_,_,_,_,"(-2.9, -0.9, -3.4) (0.0, 0.8, 0.0, -0.6)","(-5.0, -0.9, -5.0) (0.0, 0.4, 0.0, 0.9)",
272,data/screenshots/272_0_1_6_0_50_50_0_0_0_1.003437_3.914625_4.148096_197.8591_117.5292_140.3946_251.6458_0_0_0_0_0_0_1_4.572704_0_0_7.png,0,1,6,0,50,50,0,0,0,1.003437,3.914625,4.148096,197.8591,117.5292,140.3946,251.6458,0,0,0,0,0,0,1,4.572704,0,50,0,0,7,"(-8.3, -0.9, -1.7) (0.0, 0.8, 0.0, 0.6)","(-2.8, -0.9, -2.9) (0.0, 0.1, 0.0, 1.0)","(-4.4, -0.9, -3.6) (0.0, 0.0, 0.0, -1.0)","(-4.4, -0.9, -1.5) (0.0, 1.0, 0.0, -0.1)","(-4.9, -0.9, -3.1) (0.0, 0.2, 0.0, 1.0)",_,_,_,"(-4.4, -0.9, -3.1) (0.0, 0.1, 0.0, -1.0)",_,_,"(-8.3, -0.9, -0.7) (0.0, -0.1, 0.0, 1.0)",
273,data/screenshots/273_0_1_2_0_50_50_0_0_0_1.085443_2.323275_50_140.9937_115.6948_1000_217.175_0_0_0_0_0_0_0_50_1_0_4.png,0,1,2,0,50,50,0,0,0,1.085443,2.323275,50,140.9937,115.6948,1000,217.175,0,0,0,0,0,0,0,50,1,5.568116,0,0,4,"(-4.3, -0.9, -3.9) (0.0, 0.9, 0.0, -0.4)","(-5.2, -0.9, -5.0) (0.0, 1.0, 0.0, 0.2)",_,_,_,_,_,_,_,_,"(-8.5, -0.9, -2.2) (0.0, 0.9, 0.0, 0.4)","(-3.2, -0.9, -3.9) (0.0, 0.9, 0.0, 0.5)",
274,data/screenshots/274_0_1_5_0_50_50_0_0_0_1.325011_3.626974_3.765468_315.6986_15.57314_341.2108_47.57474_0_1_1_0_0_0_2_3.626974_0_0_6.png,0,1,5,0,50,50,0,0,0,1.325011,3.626974,3.765468,315.6986,15.57314,341.2108,47.57474,0,1,1,0,0,0,2,3.626974,0,50,0,0,6,"(-7.6, -0.9, -0.2) (0.0, 0.1, 0.0, -1.0)","(-4.2, -0.9, -1.8) (0.0, 0.3, 0.0, -1.0)","(-6.3, -0.9, -3.3) (0.0, 0.8, 0.0, -0.6)",_,_,_,_,_,"(-7.3, -0.9, -1.4) (0.0, 1.0, 0.0, -0.1)","(-8.2, -0.9, -0.1) (0.0, 0.9, 0.0, 0.5)",_,"(-3.8, -0.9, -0.6) (0.0, -0.9, 0.0, 0.5)",
275,data/screenshots/275_1_0_2_0_50_50_0_0_0.7727592_2.159967_2.6861_50_63.27722_54.96387_1000_309.7265_0_0_0_0_0_0_0_50_0_0_3.png,1,0,2,0,50,50,0,0,0.7727592,2.159967,2.6861,50,63.27722,54.96387,1000,309.7265,0,0,0,0,0,0,0,50,0,50,0,0,3,"(-8.2, -0.9, -2.2) (0.0, 0.0, 0.0, 1.0)","(-7.6, -0.9, -2.3) (0.0, 1.0, 0.0, -0.1)",_,_,_,_,_,_,_,_,_,"(-6.2, -0.9, -4.0) (0.0, -0.8, 0.0, 0.6)",
276,data/screenshots/276_0_1_7_3_0.5058472_0_1_1_0_0.5058471_0.5058472_0.5058472_316_76_196_0_0_0_0_1_1_0_0_50_0_2_8.png,0,1,7,3,0.5058472,0,1,1,0,0.5058471,0.5058472,0.5058472,316,76,196,0,0,0,0,1,1,0,0,50,0,50,2,0,8,"(-4.0, -0.9, -2.0) (0.0, 1.0, 0.0, 0.0)","(-3.6, -0.9, -2.8) (0.0, -0.5, 0.0, 0.9)","(-4.4, -0.9, -2.8) (0.0, 0.5, 0.0, 0.9)","(-6.6, -0.9, -4.7) (0.0, 0.7, 0.0, 0.7)","(-7.8, -0.9, -1.1) (0.0, 0.9, 0.0, 0.5)",_,"(-5.7, -0.3, -0.3) (0.0, -0.7, 0.0, 0.7)","(-5.3, -0.7, -2.1) (0.0, -0.8, 0.0, 0.7)",_,_,_,"(-4.0, -0.9, -2.5) (0.0, 0.6, 0.0, -0.8)",
277,data/screenshots/277_0_1_5_0_50_50_1_0_0_1.227407_1.978613_2.744808_319.9792_220.6392_56.03027_18.97916_0_0_0_1_0_0_0_50_1_0_7.png,0,1,5,0,50,50,1,0,0,1.227407,1.978613,2.744808,319.9792,220.6392,56.03027,18.97916,0,0,0,1,0,0,0,50,1,4.043529,0,0,7,"(-5.4, -0.9, -4.2) (0.0, 0.0, 0.0, 1.0)","(-7.4, -0.9, -1.8) (0.0, 0.9, 0.0, 0.5)","(-3.0, -0.9, -3.4) (0.0, 0.9, 0.0, -0.3)","(-8.4, -0.9, -1.2) (0.0, 0.3, 0.0, 0.9)","(-7.7, -0.9, -0.2) (0.0, 1.0, 0.0, 0.1)",_,_,_,_,_,"(-8.4, -0.9, -0.8) (0.0, 0.4, 0.0, 0.9)","(-5.0, -0.9, -3.0) (0.0, -0.9, 0.0, 0.5)",
278,data/screenshots/278_0_1_1_0_50_50_1_0_0_1.041316_50_50_158.006_1000_1000_319.6451_0_0_0_0_0_0_0_50_0_0_2.png,0,1,1,0,50,50,1,0,0,1.041316,50,50,158.006,1000,1000,319.6451,0,0,0,0,0,0,0,50,0,50,0,0,2,"(-4.2, -0.9, -4.1) (0.0, 0.9, 0.0, 0.5)",_,_,_,_,_,_,_,_,_,_,"(-3.1, -0.9, -3.8) (0.0, 0.8, 0.0, 0.6)",
279,data/screenshots/279_1_0_2_0_50_50_1_0_1.800177_2.091053_3.054933_50_61.5719_182.1764_1000_1.217056_0_0_0_1_0_0_0_50_0_0_3.png,1,0,2,0,50,50,1,0,1.800177,2.091053,3.054933,50,61.5719,182.1764,1000,1.217056,0,0,0,1,0,0,0,50,0,50,0,0,3,"(-2.7, -0.9, -2.6) (0.0, 0.4, 0.0, -0.9)","(-7.1, -0.9, -1.5) (0.0, 0.9, 0.0, 0.4)",_,_,_,_,_,_,_,_,_,"(-5.7, -0.9, -3.1) (0.0, -0.8, 0.0, 0.6)",
280,data/screenshots/280_1_0_5_3_0.76811_0_1_1_1.581967_0.7681099_0.7681099_0.76811_3.000015_123_243_0_1_0_0_1_1_0_0_50_0_0_6.png,1,0,5,3,0.76811,0,1,1,1.581967,0.7681099,0.7681099,0.76811,3.000015,123,243,0,1,0,0,1,1,0,0,50,0,50,0,1,6,"(-5.5, -0.9, -3.2) (0.0, 1.0, 0.0, 0.0)","(-4.8, -0.9, -4.4) (0.0, -0.5, 0.0, 0.9)","(-6.2, -0.9, -4.4) (0.0, 0.5, 0.0, 0.9)","(-4.2, -0.9, -2.8) (0.0, 1.0, 0.0, 0.3)","(-4.3, -0.9, -0.3) (0.0, 0.7, 0.0, 0.7)",_,_,_,_,_,_,"(-5.5, -0.9, -4.0) (0.0, 0.9, 0.0, 0.5)",
281,data/screenshots/281_1_0_4_3_0.636125_1.527671_0_1_1.283598_0.9517866_0.9744945_1.758951_12.86618_57.61017_339.1729_212.3276_1_0_1_0_1_0_0_50_0_0_5.png,1,0,4,3,0.636125,1.527671,0,1,1.283598,0.9517866,0.9744945,1.758951,12.86618,57.61017,339.1729,212.3276,1,0,1,0,1,0,0,50,0,50,0,0,5,"(-4.0, -0.9, -1.9) (0.0, 1.0, 0.0, 0.0)","(-3.4, -0.9, -2.8) (0.0, -0.5, 0.0, 0.9)","(-4.6, -0.9, -2.8) (0.0, 0.5, 0.0, 0.9)","(-2.7, -0.9, -2.7) (0.0, 1.0, 0.0, -0.1)",_,_,_,_,_,_,_,"(-3.0, -0.9, -3.7) (0.0, -0.3, 0.0, 0.9)",
282,data/screenshots/282_1_0_6_5_0.5470761_0_1_1_2.690203_0.547076_0.547076_0.5470761_346_58_202_0_1_0_0_1_1_0_0_50_0_0_7.png,1,0,6,5,0.5470761,0,1,1,2.690203,0.547076,0.547076,0.5470761,346,58,202,0,1,0,0,1,1,0,0,50,0,50,0,0,7,"(-4.0, -0.9, -2.0) (0.0, 1.0, 0.0, 0.0)","(-3.5, -0.9, -2.3) (0.0, -0.8, 0.0, 0.6)","(-3.7, -0.9, -2.9) (0.0, -0.3, 0.0, 1.0)","(-4.3, -0.9, -2.9) (0.0, 0.3, 0.0, 1.0)","(-4.5, -0.9, -2.3) (0.0, 0.8, 0.0, 0.6)","(-6.0, -0.9, -3.4) (0.0, 0.8, 0.0, -0.6)",_,_,_,_,_,"(-4.0, -0.9, -2.5) (0.0, 1.0, 0.0, 0.2)",
283,data/screenshots/283_1_0_0_5_0.5158029_0_1_1_1.505101_0.5158028_0.5158028_0.5158029_295_6.999985_151_0_0_1_0_1_1_0_0_50_0_0_6.png,1,0,0,5,0.5158029,0,1,1,1.505101,0.5158028,0.5158028,0.5158029,295,6.999985,151,0,0,1,0,1,1,0,0,50,0,50,0,0,6,"(-4.0, -0.9, -2.0) (0.0, 1.0, 0.0, 0.0)","(-3.5, -0.9, -2.3) (0.0, -0.8, 0.0, 0.6)","(-3.7, -0.9, -2.9) (0.0, -0.3, 0.0, 1.0)","(-4.3, -0.9, -2.9) (0.0, 0.3, 0.0, 1.0)","(-4.5, -0.9, -2.3) (0.0, 0.8, 0.0, 0.6)",_,_,_,_,_,_,"(-4.0, -0.9, -2.5) (0.0, 1.0, 0.0, -0.3)",
284,data/screenshots/284_1_0_5_3_0.7149614_0_1_1_1.850443_0.7149613_0.7149614_0.7149615_222_102_342_0_0_0_1_1_0_0_0_50_0_1_6.png,1,0,5,3,0.7149614,0,1,1,1.850443,0.7149613,0.7149614,0.7149615,222,102,342,0,0,0,1,1,0,0,0,50,0,50,1,0,6,"(-3.0, -0.9, -2.3) (0.0, 1.0, 0.0, 0.0)","(-2.4, -0.9, -3.4) (0.0, -0.5, 0.0, 0.9)","(-3.6, -0.9, -3.4) (0.0, 0.5, 0.0, 0.9)","(-6.4, -0.9, -4.2) (0.0, 0.4, 0.0, -0.9)",_,_,"(-5.7, -0.3, -0.3) (0.0, -0.7, 0.0, 0.7)",_,_,_,_,"(-3.0, -0.9, -3.0) (0.0, 0.2, 0.0, 1.0)",
285,data/screenshots/285_0_1_8_0_50_50_1_0_0_0.5068985_0.6115792_2.391348_129.3689_302.0168_37.83661_280.3688_0_0_1_0_0_0_2_0.5068985_0_0_9.png,0,1,8,0,50,50,1,0,0,0.5068985,0.6115792,2.391348,129.3689,302.0168,37.83661,280.3688,0,0,1,0,0,0,2,0.5068985,0,50,0,0,9,"(-7.7, -0.9, -2.5) (0.0, 0.7, 0.0, -0.7)","(-6.1, -0.9, -3.7) (0.0, 1.0, 0.0, -0.1)","(-4.2, -0.9, -0.6) (0.0, 0.1, 0.0, -1.0)","(-5.3, -0.9, -3.2) (0.0, 0.9, 0.0, -0.4)","(-8.5, -0.9, -0.2) (0.0, 0.7, 0.0, 0.7)","(-2.9, -0.9, -4.2) (0.0, 0.9, 0.0, 0.4)",_,_,"(-2.8, -0.9, -3.1) (0.0, 0.7, 0.0, -0.7)","(-7.7, -0.9, -1.0) (0.0, 0.2, 0.0, 1.0)",_,"(-2.9, -0.9, -3.6) (0.0, -0.9, 0.0, 0.5)",
286,data/screenshots/286_1_0_6_0_50_50_1_0_0.9584992_3.020745_3.124058_3.763146_53.77218_89.95952_111.1431_127.512_0_0_0_0_1_0_2_4.211731_0_2_7.png,1,0,6,0,50,50,1,0,0.9584992,3.020745,3.124058,3.763146,53.77218,89.95952,111.1431,127.512,0,0,0,0,1,0,2,4.211731,0,50,2,0,7,"(-2.7, -0.9, -2.2) (0.0, 0.0, 0.0, -1.0)","(-5.1, -0.9, -3.5) (0.0, 1.0, 0.0, 0.1)",_,_,_,_,"(-5.7, -0.3, -0.3) (0.0, -0.7, 0.0, 0.7)","(-5.3, -0.7, -2.1) (0.0, -0.8, 0.0, 0.7)","(-3.8, -0.9, -1.3) (0.0, 1.0, 0.0, 0.0)","(-4.8, -0.9, -3.9) (0.0, 0.7, 0.0, -0.7)",_,"(-8.3, -0.9, -1.6) (0.0, 0.1, 0.0, 1.0)",
287,data/screenshots/287_1_0_0_0_50_50_1_0_2.186249_50_50_50_1000_1000_1000_1000_0_0_0_0_0_0_0_50_0_0_1.png,1,0,0,0,50,50,1,0,2.186249,50,50,50,1000,1000,1000,1000,0,0,0,0,0,0,0,50,0,50,0,0,1,_,_,_,_,_,_,_,_,_,_,_,"(-2.6, -0.9, -2.9) (0.0, 0.8, 0.0, 0.6)",
288,data/screenshots/288_1_0_0_0_50_50_1_0_2.710027_50_50_50_1000_1000_1000_1000_0_0_0_0_0_0_0_50_0_0_1.png,1,0,0,0,50,50,1,0,2.710027,50,50,50,1000,1000,1000,1000,0,0,0,0,0,0,0,50,0,50,0,1,1,_,_,_,_,_,_,_,_,_,_,_,"(-3.9, -0.9, -1.5) (0.0, 0.8, 0.0, 0.6)",
289,data/screenshots/289_1_0_5_4_0.5040386_0_1_1_0.9894215_0.5040386_0.5040386_0.5040388_88.99999_269_359_0_0_0_1_1_1_0_0_50_0_0_6.png,1,0,5,4,0.5040386,0,1,1,0.9894215,0.5040386,0.5040386,0.5040388,88.99999,269,359,0,0,0,1,1,1,0,0,50,0,50,0,0,6,"(-7.5, -0.9, -1.0) (0.0, 1.0, 0.0, 0.0)","(-7.0, -0.9, -1.5) (0.0, -0.7, 0.0, 0.7)","(-7.5, -0.9, -2.0) (0.0, 0.0, 0.0, 1.0)","(-8.0, -0.9, -1.5) (0.0, 0.7, 0.0, 0.7)","(-3.2, -0.9, -2.8) (0.0, 0.7, 0.0, -0.7)",_,_,_,_,_,_,"(-7.5, -0.9, -1.5) (0.0, 0.7, 0.0, 0.7)",
290,data/screenshots/290_0_1_4_4_0.9165404_2.276037_0_1_0_1.462922_1.743738_2.118308_346.6895_286.8508_23.72848_145.1297_1_0_1_0_1_0_0_50_0_2_7.png,0,1,4,4,0.9165404,2.276037,0,1,0,1.462922,1.743738,2.118308,346.6895,286.8508,23.72848,145.1297,1,0,1,0,1,0,0,50,0,50,2,0,7,"(-3.0, -0.9, -2.1) (0.0, 1.0, 0.0, 0.0)","(-2.1, -0.9, -3.0) (0.0, -0.7, 0.0, 0.7)","(-3.0, -0.9, -3.9) (0.0, 0.0, 0.0, 1.0)","(-3.9, -0.9, -3.0) (0.0, 0.7, 0.0, 0.7)",_,_,"(-5.7, -0.3, -0.3) (0.0, -0.7, 0.0, 0.7)","(-5.3, -0.7, -2.1) (0.0, -0.8, 0.0, 0.7)",_,_,_,"(-5.1, -0.9, -3.8) (0.0, 0.6, 0.0, 0.8)",
291,data/screenshots/291_0_1_4_0_50_50_0_0_0_0.8231125_1.0756_1.850076_198.901_104.7172_191.9598_298.1919_0_0_0_0_0_0_1_2.974659_0_0_5.png,0,1,4,0,50,50,0,0,0,0.8231125,1.0756,1.850076,198.901,104.7172,191.9598,298.1919,0,0,0,0,0,0,1,2.974659,0,50,0,0,5,"(-4.2, -0.9, -3.8) (0.0, 0.6, 0.0, 0.8)","(-4.2, -0.9, -2.8) (0.0, 0.6, 0.0, 0.8)","(-2.9, -0.9, -2.2) (0.0, 0.5, 0.0, 0.9)",_,_,_,_,_,"(-5.0, -0.9, -4.8) (0.0, 0.0, 0.0, -1.0)",_,_,"(-4.0, -0.9, -2.0) (-0.1, 0.0, 0.0, 1.0)",
292,data/screenshots/292_0_1_3_0_50_50_0_0_0_3.439858_4.437551_4.802054_277.0738_205.9617_220.7227_314.082_0_0_0_0_0_0_0_50_1_0_5.png,0,1,3,0,50,50,0,0,0,3.439858,4.437551,4.802054,277.0738,205.9617,220.7227,314.082,0,0,0,0,0,0,0,50,1,3.023104,0,0,5,"(-8.5, -0.9, -1.9) (0.0, 0.8, 0.0, 0.6)","(-3.9, -0.9, -1.3) (0.0, 0.9, 0.0, -0.5)","(-8.0, -0.9, -0.8) (0.0, 0.7, 0.0, -0.7)",_,_,_,_,_,_,_,"(-4.0, -0.9, -1.7) (0.0, 0.1, 0.0, 1.0)","(-4.9, -0.9, -4.6) (0.0, 0.8, 0.0, 0.6)",
293,data/screenshots/293_0_1_3_0_50_50_0_0_0_1.202829_1.257494_6.045724_300.6342_77.03351_351.8088_41.36501_0_0_1_1_0_0_1_6.045724_0_0_4.png,0,1,3,0,50,50,0,0,0,1.202829,1.257494,6.045724,300.6342,77.03351,351.8088,41.36501,0,0,1,1,0,0,1,6.045724,0,50,0,0,4,"(-4.9, -0.9, -4.7) (0.0, 0.3, 0.0, 0.9)","(-3.0, -0.9, -3.5) (0.0, 1.0, 0.0, 0.1)",_,_,_,_,_,_,"(-8.2, -0.9, -0.4) (0.0, 0.9, 0.0, -0.5)",_,_,"(-3.8, -0.9, -4.5) (0.0, -0.3, 0.0, 0.9)",
294,data/screenshots/294_0_1_3_0_50_50_0_0_0_0.5857096_2.681218_3.242321_341.838_114.0264_105.9708_135.3776_1_0_0_0_0_0_2_0.5857096_1_0_5.png,0,1,3,0,50,50,0,0,0,0.5857096,2.681218,3.242321,341.838,114.0264,105.9708,135.3776,1,0,0,0,0,0,2,0.5857096,1,3.781292,0,0,5,"(-2.9, -0.9, -2.8) (0.0, 1.0, 0.0, 0.0)",_,_,_,_,_,_,_,"(-3.2, -0.9, -3.5) (0.0, 0.4, 0.0, 0.9)","(-6.2, -0.9, -4.3) (0.0, 0.2, 0.0, -1.0)","(-7.7, -0.9, -1.3) (0.0, 0.8, 0.0, 0.6)","(-5.7, -0.9, -4.5) (0.0, -0.4, 0.0, 0.9)",
295,data/screenshots/295_0_1_5_0_50_50_0_0_0_1.262427_1.996885_2.468588_209.5267_216.3607_212.9124_25.90436_0_0_0_1_0_0_0_50_0_0_6.png,0,1,5,0,50,50,0,0,0,1.262427,1.996885,2.468588,209.5267,216.3607,212.9124,25.90436,0,0,0,1,0,0,0,50,0,50,0,0,6,"(-2.6, -0.9, -3.6) (0.0, 0.6, 0.0, -0.8)","(-7.7, -0.9, -0.6) (0.0, 0.6, 0.0, -0.8)","(-3.0, -0.9, -3.3) (0.0, 0.8, 0.0, -0.6)","(-3.2, -0.9, -2.6) (0.0, 0.5, 0.0, -0.9)","(-5.3, -0.9, -5.0) (0.0, 0.5, 0.0, 0.9)",_,_,_,_,_,_,"(-4.0, -0.9, -1.5) (0.0, -0.5, 0.0, 0.8)",
296,data/screenshots/296_1_0_7_5_0.9360192_5.077509_0_1_0.9835132_0.8849542_1.629477_4.146214_15.74201_89.2985_1.172745_185.9436_1_0_1_0_1_1_1_1.629477_0_0_8.png,1,0,7,5,0.9360192,5.077509,0,1,0.9835132,0.8849542,1.629477,4.146214,15.74201,89.2985,1.172745,185.9436,1,0,1,0,1,1,1,1.629477,0,50,0,0,8,"(-3.0, -0.9, -2.1) (0.0, 1.0, 0.0, 0.0)","(-2.1, -0.9, -2.7) (0.0, -0.8, 0.0, 0.6)","(-2.4, -0.9, -3.8) (0.0, -0.3, 0.0, 1.0)","(-3.6, -0.9, -3.8) (0.0, 0.3, 0.0, 1.0)","(-3.9, -0.9, -2.7) (0.0, 0.8, 0.0, 0.6)","(-7.0, -0.9, -1.6) (0.0, 0.9, 0.0, 0.5)",_,_,"(-8.3, -0.9, -2.5) (0.0, 0.2, 0.0, 1.0)",_,_,"(-7.7, -0.9, -1.0) (0.0, 0.8, 0.0, 0.6)",
297,data/screenshots/297_1_0_4_0_50_50_0_0_1.665003_1.262208_2.788586_3.132472_84.44823_245.3181_267.8848_172.9483_0_0_0_0_0_0_0_50_0_0_5.png,1,0,4,0,50,50,0,0,1.665003,1.262208,2.788586,3.132472,84.44823,245.3181,267.8848,172.9483,0,0,0,0,0,0,0,50,0,50,0,0,5,"(-4.2, -0.9, -2.4) (0.0, 0.2, 0.0, 1.0)","(-3.8, -0.9, -2.7) (0.0, 1.0, 0.0, 0.3)","(-4.4, -0.9, -1.2) (0.0, 0.9, 0.0, -0.5)","(-8.4, -0.9, -0.9) (0.0, 0.5, 0.0, -0.8)",_,_,_,_,_,_,_,"(-7.2, -0.9, -1.3) (0.0, 1.0, 0.0, -0.2)",
298,data/screenshots/298_1_0_2_0_50_50_0_0_0.6612166_2.6793_2.86446_50_136.7001_176.9047_1000_1000_0_0_0_0_0_0_0_50_0_2_3.png,1,0,2,0,50,50,0,0,0.6612166,2.6793,2.86446,50,136.7001,176.9047,1000,1000,0,0,0,0,0,0,0,50,0,50,2,0,3,_,_,_,_,_,_,"(-5.7, -0.3, -0.3) (0.0, -0.7, 0.0, 0.7)","(-5.3, -0.7, -2.1) (0.0, -0.8, 0.0, 0.7)",_,_,_,"(-8.0, -0.9, -1.4) (0.0, -0.6, 0.0, 0.8)",
299,data/screenshots/299_0_1_5_0_50_50_0_0_0_1.864539_2.070937_3.240927_191.1588_170.2039_228.4127_74.01176_0_0_0_0_1_0_1_1.864539_0_2_6.png,0,1,5,0,50,50,0,0,0,1.864539,2.070937,3.240927,191.1588,170.2039,228.4127,74.01176,0,0,0,0,1,0,1,1.864539,0,50,2,0,6,"(-5.8, -0.9, -4.8) (0.0, 1.0, 0.0, 0.1)","(-7.0, -0.9, -1.3) (0.0, 0.8, 0.0, 0.5)",_,_,_,_,"(-5.7, -0.3, -0.3) (0.0, -0.7, 0.0, 0.7)","(-5.3, -0.7, -2.1) (0.0, -0.8, 0.0, 0.7)","(-5.4, -0.9, -4.2) (0.0, 0.4, 0.0, 0.9)",_,_,"(-3.8, -0.9, -5.0) (0.0, 0.8, 0.0, 0.6)",
300,data/screenshots/300_0_1_0_0_50_50_0_0_0_50_50_50_1000_1000_1000_1000_0_0_0_0_0_0_0_50_0_0_1.png,0,1,0,0,50,50,0,0,0,50,50,50,1000,1000,1000,1000,0,0,0,0,0,0,0,50,0,50,0,0,1,_,_,_,_,_,_,_,_,_,_,_,"(-4.1, -0.9, -1.6) (0.0, -0.2, 0.0, 1.0)",
301,data/screenshots/301_0_1_2_0_50_50_0_0_0_3.695765_4.778552_50_314.726_317.4527_1000_118.9916_0_0_0_0_0_0_0_50_0_0_3.png,0,1,2,0,50,50,0,0,0,3.695765,4.778552,50,314.726,317.4527,1000,118.9916,0,0,0,0,0,0,0,50,0,50,0,1,3,"(-7.4, -0.9, -0.8) (0.0, 0.1, 0.0, -1.0)","(-8.4, -0.9, -0.2) (0.0, 1.0, 0.0, -0.1)",_,_,_,_,_,_,_,_,_,"(-3.9, -0.9, -1.8) (0.0, -0.2, 0.0, 1.0)",
302,data/screenshots/302_1_0_2_0_50_50_0_0_1.116385_1.624624_2.208349_50_207.7187_277.8822_1000_112.4371_0_0_0_0_0_0_0_50_0_0_3.png,1,0,2,0,50,50,0,0,1.116385,1.624624,2.208349,50,207.7187,277.8822,1000,112.4371,0,0,0,0,0,0,0,50,0,50,0,0,3,"(-3.0, -0.9, -3.4) (0.0, 1.0, 0.0, -0.2)","(-5.1, -0.9, -4.2) (0.0, 0.2, 0.0, -1.0)",_,_,_,_,_,_,_,_,_,"(-4.1, -0.9, -2.2) (0.0, -0.6, 0.0, 0.8)",
303,data/screenshots/303_1_0_1_0_50_50_0_0_2.444834_5.023551_50_50_128.2662_1000_1000_260.8668_0_0_0_0_0_0_0_50_0_0_2.png,1,0,1,0,50,50,0,0,2.444834,5.023551,50,50,128.2662,1000,1000,260.8668,0,0,0,0,0,0,0,50,0,50,0,0,2,"(-8.1, -0.9, -0.4) (0.0, 0.8, 0.0, -0.6)",_,_,_,_,_,_,_,_,_,_,"(-6.1, -0.9, -5.0) (0.0, 1.0, 0.0, -0.2)",
304,data/screenshots/304_0_1_0_0_50_50_0_0_0_50_50_50_1000_1000_1000_1000_0_0_0_0_0_0_0_50_0_0_1.png,0,1,0,0,50,50,0,0,0,50,50,50,1000,1000,1000,1000,0,0,0,0,0,0,0,50,0,50,0,0,1,_,_,_,_,_,_,_,_,_,_,_,"(-8.6, -0.9, -0.1) (0.0, -0.2, 0.0, 1.0)",
305,data/screenshots/305_0_1_3_0_50_50_0_0_0_1.382038_2.699305_3.147812_48.9671_122.7089_26.61108_142.5757_0_0_1_0_0_0_0_50_0_2_4.png,0,1,3,0,50,50,0,0,0,1.382038,2.699305,3.147812,48.9671,122.7089,26.61108,142.5757,0,0,1,0,0,0,0,50,0,50,2,0,4,"(-3.2, -0.9, -3.8) (0.0, 0.9, 0.0, 0.4)",_,_,_,_,_,"(-5.7, -0.3, -0.3) (0.0, -0.7, 0.0, 0.7)","(-5.3, -0.7, -2.1) (0.0, -0.8, 0.0, 0.7)",_,_,_,"(-5.8, -0.9, -3.4) (0.0, -0.2, 0.0, 1.0)",
306,data/screenshots/306_1_0_3_0_50_50_0_0_2.739608_2.943512_4.937185_5.847937_233.5646_266.6125_276.4059_339.3985_0_0_0_1_0_0_0_50_0_0_4.png,1,0,3,0,50,50,0,0,2.739608,2.943512,4.937185,5.847937,233.5646,266.6125,276.4059,339.3985,0,0,0,1,0,0,0,50,0,50,0,0,4,"(-8.0, -0.9, -0.7) (0.0, 0.6, 0.0, 0.8)","(-5.9, -0.9, -4.3) (0.0, 0.8, 0.0, 0.6)","(-7.6, -0.9, -1.9) (0.0, 0.8, 0.0, -0.6)",_,_,_,_,_,_,_,_,"(-3.0, -0.9, -3.7) (-0.1, 0.2, 0.0, 1.0)",
307,data/screenshots/307_1_0_0_0_50_50_0_0_1.895608_50_50_50_1000_1000_1000_1000_0_0_0_0_0_0_0_50_0_0_1.png,1,0,0,0,50,50,0,0,1.895608,50,50,50,1000,1000,1000,1000,0,0,0,0,0,0,0,50,0,50,0,0,1,_,_,_,_,_,_,_,_,_,_,_,"(-3.9, -0.9, 0.0) (0.0, -0.6, 0.0, 0.8)",
308,data/screenshots/308_0_1_1_0_50_50_0_0_0_4.914598_50_50_52.15158_1000_1000_337.598_0_0_0_1_0_0_0_50_0_0_2.png,0,1,1,0,50,50,0,0,0,4.914598,50,50,52.15158,1000,1000,337.598,0,0,0,1,0,0,0,50,0,50,0,0,2,"(-7.6, -0.9, 0.0) (0.0, 1.0, 0.0, -0.1)",_,_,_,_,_,_,_,_,_,_,"(-6.2, -0.9, -4.7) (0.0, -0.6, 0.0, 0.8)",
309,data/screenshots/309_0_1_1_0_50_50_0_0_0_1.152543_50_50_198.3559_1000_1000_124.954_0_0_0_0_0_0_0_50_0_0_2.png,0,1,1,0,50,50,0,0,0,1.152543,50,50,198.3559,1000,1000,124.954,0,0,0,0,0,0,0,50,0,50,0,1,2,"(-8.6, -0.9, -2.4) (0.0, 0.9, 0.0, -0.5)",_,_,_,_,_,_,_,_,_,_,"(-8.6, -0.9, -1.3) (0.0, -0.1, 0.0, 1.0)",
310,data/screenshots/310_0_1_5_0_50_50_0_0_0_4.314775_5.04049_5.189751_338.5331_300.6786_286.4957_316.4871_1_0_0_0_0_0_0_50_1_0_7.png,0,1,5,0,50,50,0,0,0,4.314775,5.04049,5.189751,338.5331,300.6786,286.4957,316.4871,1,0,0,0,0,0,0,50,1,0.5290738,0,1,7,"(-3.2, -0.9, -2.2) (0.0, 0.1, 0.0, 1.0)","(-6.6, -0.9, -4.7) (0.0, 0.2, 0.0, 1.0)","(-3.0, -0.9, -3.2) (0.0, 0.9, 0.0, -0.4)","(-3.8, -0.9, -3.3) (0.0, 0.9, 0.0, -0.4)","(-2.7, -0.9, -4.1) (0.0, 0.1, 0.0, 1.0)",_,_,_,_,_,"(-7.8, -0.9, -0.2) (0.0, 1.0, 0.0, 0.1)","(-8.1, -0.9, -0.6) (0.0, 1.0, 0.0, 0.0)",
311,data/screenshots/311_1_0_2_0_50_50_0_0_2.737646_2.151923_4.06888_50_213.9647_218.6181_1000_1000_0_0_0_0_0_0_0_50_0_2_3.png,1,0,2,0,50,50,0,0,2.737646,2.151923,4.06888,50,213.9647,218.6181,1000,1000,0,0,0,0,0,0,0,50,0,50,2,0,3,_,_,_,_,_,_,"(-5.7, -0.3, -0.3) (0.0, -0.7, 0.0, 0.7)","(-5.3, -0.7, -2.1) (0.0, -0.8, 0.0, 0.7)",_,_,_,"(-4.4, -0.9, -4.1) (0.0, 0.9, 0.0, 0.5)",
312,data/screenshots/312_0_1_6_0_50_50_0_0_0_0.6375275_1.202542_1.402096_261.9424_139.58_298.451_273.5397_0_0_0_0_0_0_1_2.388178_0_0_7.png,0,1,6,0,50,50,0,0,0,0.6375275,1.202542,1.402096,261.9424,139.58,298.451,273.5397,0,0,0,0,0,0,1,2.388178,0,50,0,0,7,"(-5.4, -0.9, -4.9) (0.0, 1.0, 0.0, 0.3)","(-3.8, -0.9, -5.1) (0.0, 0.4, 0.0, 0.9)","(-3.2, -0.9, -3.3) (0.0, 1.0, 0.0, 0.0)","(-6.3, -0.9, -4.4) (0.0, 1.0, 0.0, -0.2)","(-2.8, -0.9, -2.3) (0.0, 1.0, 0.0, 0.1)",_,_,_,"(-2.8, -0.9, -3.4) (0.0, 1.0, 0.0, -0.3)",_,_,"(-4.9, -0.9, -4.5) (0.0, -0.2, 0.0, 1.0)",
313,data/screenshots/313_0_1_2_0_50_50_0_0_0_1.635653_4.356083_50_270.5583_349.4588_1000_324.6066_0_1_0_1_0_0_2_1.635653_1_0_4.png,0,1,2,0,50,50,0,0,0,1.635653,4.356083,50,270.5583,349.4588,1000,324.6066,0,1,0,1,0,0,2,1.635653,1,1.459184,0,0,4,_,_,_,_,_,_,_,_,"(-3.1, -0.9, -3.7) (0.0, 0.4, 0.0, 0.9)","(-7.3, -0.9, -2.5) (0.0, 1.0, 0.0, 0.0)","(-4.3, -0.9, -2.5) (0.0, 0.7, 0.0, 0.7)","(-3.0, -0.9, -2.1) (0.0, -0.7, 0.0, 0.7)",
314,data/screenshots/314_0_1_2_0_50_50_0_0_0_0.4651862_2.531459_50_223.9057_287.5947_1000_308.4128_0_0_0_0_0_0_0_50_0_0_3.png,0,1,2,0,50,50,0,0,0,0.4651862,2.531459,50,223.9057,287.5947,1000,308.4128,0,0,0,0,0,0,0,50,0,50,0,0,3,"(-4.8, -0.9, -4.6) (0.0, 1.0, 0.0, 0.0)","(-3.9, -0.9, -2.4) (0.0, 0.0, 0.0, 1.0)",_,_,_,_,_,_,_,_,_,"(-4.3, -0.9, -2.1) (0.0, -0.7, 0.0, 0.7)",
315,data/screenshots/315_0_1_4_0_50_50_0_0_0_3.189584_3.653824_4.303538_55.71429_36.16365_115.4826_260.1271_0_1_0_0_0_0_0_50_1_0_6.png,0,1,4,0,50,50,0,0,0,3.189584,3.653824,4.303538,55.71429,36.16365,115.4826,260.1271,0,1,0,0,0,0,0,50,1,4.291909,0,0,6,"(-7.9, -0.9, -1.9) (0.0, 0.2, 0.0, 1.0)","(-3.8, -0.9, -4.3) (0.0, 1.0, 0.0, -0.2)","(-4.3, -0.9, -3.2) (0.0, 0.8, 0.0, 0.6)","(-3.1, -0.9, -3.5) (0.0, 1.0, 0.0, 0.2)",_,_,_,_,_,_,"(-4.9, -0.9, -4.2) (0.0, 0.2, 0.0, -1.0)","(-4.0, -0.9, 0.0) (0.0, 0.9, 0.0, 0.4)",
316,data/screenshots/316_1_0_6_0_50_50_0_0_0.9660752_1.702317_2.214136_2.727794_330.4663_343.4304_352.6184_322.0428_1_1_1_1_0_0_0_50_0_0_7.png,1,0,6,0,50,50,0,0,0.9660752,1.702317,2.214136,2.727794,330.4663,343.4304,352.6184,322.0428,1,1,1,1,0,0,0,50,0,50,0,0,7,"(-3.2, -0.9, -3.8) (0.0, 0.1, 0.0, 1.0)","(-4.2, -0.9, -4.1) (0.0, 1.0, 0.0, -0.1)","(-8.1, -0.9, -1.4) (0.0, 0.2, 0.0, -1.0)","(-3.0, -0.9, -3.1) (0.0, 0.5, 0.0, 0.8)","(-5.3, -0.9, -5.1) (0.0, 0.8, 0.0, -0.6)","(-3.0, -0.9, -2.5) (0.0, 0.1, 0.0, -1.0)",_,_,_,_,_,"(-4.2, -0.9, -1.3) (0.0, 1.0, 0.0, 0.1)",
317,data/screenshots/317_0_1_0_0_50_50_0_0_0_50_50_50_1000_1000_1000_1000_0_0_0_0_0_0_0_50_0_0_1.png,0,1,0,0,50,50,0,0,0,50,50,50,1000,1000,1000,1000,0,0,0,0,0,0,0,50,0,50,0,0,1,_,_,_,_,_,_,_,_,_,_,_,"(-5.3, -0.9, -4.9) (0.0, 0.9, 0.0, 0.4)",
318,data/screenshots/318_0_1_0_0_50_50_0_0_0_50_50_50_1000_1000_1000_1000_0_0_0_0_0_0_0_50_1_0_2.png,0,1,0,0,50,50,0,0,0,50,50,50,1000,1000,1000,1000,0,0,0,0,0,0,0,50,1,3.871424,0,0,2,_,_,_,_,_,_,_,_,_,_,"(-6.0, -0.9, -4.9) (0.0, 0.4, 0.0, 0.9)","(-7.7, -0.9, -1.4) (0.0, 0.9, 0.0, 0.4)",
319,data/screenshots/319_0_1_1_0_50_50_0_0_0_0.9382006_50_50_27.93782_1000_1000_328.9806_1_0_0_1_0_0_0_50_1_0_3.png,0,1,1,0,50,50,0,0,0,0.9382006,50,50,27.93782,1000,1000,328.9806,1,0,0,1,0,0,0,50,1,1.104715,0,0,3,"(-4.0, -0.9, -3.1) (0.0, 0.1, 0.0, 1.0)",_,_,_,_,_,_,_,_,_,"(-4.4, -0.9, -1.1) (0.0, 0.5, 0.0, 0.9)","(-4.3, -0.9, -2.2) (0.0, 0.9, 0.0, 0.4)",
320,data/screenshots/320_0_1_4_0_50_50_0_0_0_1.327625_3.307626_3.657206_165.1305_350.2741_269.9368_250.1111_0_1_0_0_0_0_0_50_0_0_5.png,0,1,4,0,50,50,0,0,0,1.327625,3.307626,3.657206,165.1305,350.2741,269.9368,250.1111,0,1,0,0,0,0,0,50,0,50,0,0,5,"(-5.9, -0.9, -4.1) (0.0, 0.6, 0.0, 0.8)","(-8.1, -0.9, 0.0) (0.0, 0.8, 0.0, -0.6)","(-3.9, -0.9, -0.1) (0.0, 0.7, 0.0, 0.7)","(-4.2, -0.9, -3.6) (0.0, 0.7, 0.0, 0.7)",_,_,_,_,_,_,_,"(-7.4, -0.9, -1.1) (0.0, 1.0, 0.0, 0.1)",
321,data/screenshots/321_0_1_2_0_50_50_0_0_0_0.4320811_4.87187_50_110.9634_204.4081_1000_349.8808_0_0_0_1_0_0_2_0.4320811_1_0_4.png,0,1,2,0,50,50,0,0,0,0.4320811,4.87187,50,110.9634,204.4081,1000,349.8808,0,0,0,1,0,0,2,0.4320811,1,5.689855,0,0,4,_,_,_,_,_,_,_,_,"(-2.9, -0.9, -2.7) (0.0, 0.1, 0.0, 1.0)","(-7.7, -0.9, -1.7) (0.0, 0.0, 0.0, 1.0)","(-8.6, -0.9, -2.2) (0.0, 0.2, 0.0, 1.0)","(-2.9, -0.9, -2.3) (0.0, 0.6, 0.0, 0.8)",
322,data/screenshots/322_1_0_1_0_50_50_0_0_2.083629_4.28196_50_50_44.08957_1000_1000_1000_1_0_0_0_0_0_0_50_1_1_3.png,1,0,1,0,50,50,0,0,2.083629,4.28196,50,50,44.08957,1000,1000,1000,1,0,0,0,0,0,0,50,1,2.007332,1,1,3,_,_,_,_,_,_,"(-5.7, -0.3, -0.3) (0.0, -0.7, 0.0, 0.7)",_,_,_,"(-5.1, -0.9, -3.7) (0.0, 0.7, 0.0, -0.7)","(-3.1, -0.9, -3.6) (0.0, -0.7, 0.0, 0.8)",
323,data/screenshots/323_1_0_5_0_50_50_0_0_1.539425_1.764104_1.861009_2.939765_146.6582_172.3341_237.8753_321.0734_0_0_0_1_0_0_2_2.939765_0_0_6.png,1,0,5,0,50,50,0,0,1.539425,1.764104,1.861009,2.939765,146.6582,172.3341,237.8753,321.0734,0,0,0,1,0,0,2,2.939765,0,50,0,0,6,"(-3.1, -0.9, -3.3) (0.0, 0.5, 0.0, -0.9)","(-6.3, -0.9, -5.0) (0.0, 0.9, 0.0, 0.3)","(-2.7, -0.9, -2.6) (0.0, 0.3, 0.0, -1.0)",_,_,_,_,_,"(-8.1, -0.9, -0.2) (0.0, 0.2, 0.0, 1.0)","(-5.4, -0.9, -4.8) (0.0, 0.4, 0.0, -0.9)",_,"(-4.4, -0.9, -2.0) (-0.1, -0.3, 0.0, 0.9)",
324,data/screenshots/324_0_1_4_0_50_50_0_0_0_3.94541_4.566888_4.679732_298.0065_311.2155_297.8918_48.29691_0_0_0_0_0_0_0_50_0_0_5.png,0,1,4,0,50,50,0,0,0,3.94541,4.566888,4.679732,298.0065,311.2155,297.8918,48.29691,0,0,0,0,0,0,0,50,0,50,0,1,5,"(-5.4, -0.9, -3.6) (0.0, 0.7, 0.0, -0.7)","(-4.9, -0.9, -4.2) (0.0, 0.3, 0.0, 1.0)","(-2.9, -0.9, -2.2) (0.0, 0.4, 0.0, 0.9)","(-5.9, -0.9, -4.7) (0.0, 0.8, 0.0, -0.7)",_,_,_,_,_,_,_,"(-8.1, -0.9, -0.7) (0.0, 1.0, 0.0, -0.2)",
325,data/screenshots/325_0_1_1_0_50_50_0_0_0_3.412182_50_50_154.8113_1000_1000_1000_0_0_0_0_0_0_0_50_0_1_2.png,0,1,1,0,50,50,0,0,0,3.412182,50,50,154.8113,1000,1000,1000,0,0,0,0,0,0,0,50,0,50,1,0,2,_,_,_,_,_,_,"(-5.7, -0.3, -0.3) (0.0, -0.7, 0.0, 0.7)",_,_,_,_,"(-3.0, -0.9, -2.2) (0.0, 1.0, 0.0, 0.3)",
326,data/screenshots/326_0_1_5_0_50_50_0_0_0_1.48682_2.177511_2.331611_176.838_92.20569_145.8938_82.15515_0_0_0_0_0_1_0_50_0_0_6.png,0,1,5,0,50,50,0,0,0,1.48682,2.177511,2.331611,176.838,92.20569,145.8938,82.15515,0,0,0,0,0,1,0,50,0,50,0,0,6,"(-2.9, -0.9, -3.3) (0.0, 1.0, 0.0, 0.3)","(-8.3, -0.9, -1.7) (0.0, 1.0, 0.0, -0.2)","(-4.0, -0.9, -4.0) (0.0, 0.9, 0.0, -0.3)","(-4.2, -0.9, -0.3) (0.0, 1.0, 0.0, -0.3)","(-3.9, -0.9, -1.5) (0.0, 0.7, 0.0, -0.7)",_,_,_,_,_,_,"(-5.3, -0.9, -3.2) (-0.1, -0.5, 0.0, 0.9)",
327,data/screenshots/327_1_0_0_0_50_50_0_0_2.503108_50_50_50_1000_1000_1000_1000_0_0_0_0_0_0_0_50_0_0_1.png,1,0,0,0,50,50,0,0,2.503108,50,50,50,1000,1000,1000,1000,0,0,0,0,0,0,0,50,0,50,0,0,1,_,_,_,_,_,_,_,_,_,_,_,"(-4.1, -0.9, -1.6) (0.0, 0.3, 0.0, 0.9)",
328,data/screenshots/328_0_1_4_0_50_50_0_0_0_2.43917_3.783662_4.301997_340.0117_80.32343_52.65681_70.53455_1_0_0_0_0_0_0_50_0_0_5.png,0,1,4,0,50,50,0,0,0,2.43917,3.783662,4.301997,340.0117,80.32343,52.65681,70.53455,1,0,0,0,0,0,0,50,0,50,0,0,5,"(-5.1, -0.9, -4.2) (0.0, 0.7, 0.0, 0.7)","(-4.1, -0.9, -2.5) (0.0, 0.1, 0.0, -1.0)","(-7.7, -0.9, -0.1) (0.0, 0.9, 0.0, 0.4)","(-3.0, -0.9, -2.0) (0.0, 0.6, 0.0, 0.8)",_,_,_,_,_,_,_,"(-8.4, -0.9, -2.4) (0.0, 0.3, 0.0, 0.9)",
329,data/screenshots/329_1_0_4_0_50_50_0_0_0.7703679_3.549938_4.223954_4.549067_133.0452_94.48561_123.6274_123.5797_0_0_0_0_1_0_0_50_0_0_5.png,1,0,4,0,50,50,0,0,0.7703679,3.549938,4.223954,4.549067,133.0452,94.48561,123.6274,123.5797,0,0,0,0,1,0,0,50,0,50,0,0,5,"(-3.2, -0.9, -3.9) (0.0, 0.1, 0.0, 1.0)","(-5.3, -0.9, -3.6) (0.0, 1.0, 0.0, -0.2)","(-4.1, -0.9, -4.1) (0.0, 0.7, 0.0, -0.7)","(-3.1, -0.9, -2.1) (0.0, 0.8, 0.0, -0.7)",_,_,_,_,_,_,_,"(-7.0, -0.9, -0.5) (0.0, 0.2, 0.0, 1.0)",
330,data/screenshots/330_0_1_5_3_0.7240165_1.76268_0_0_0_0.7565408_1.088402_2.055416_232.0558_169.0743_200.0349_114.5014_0_0_0_0_0_1_0_50_0_0_6.png,0,1,5,3,0.7240165,1.76268,0,0,0,0.7565408,1.088402,2.055416,232.0558,169.0743,200.0349,114.5014,0,0,0,0,0,1,0,50,0,50,0,0,6,"(-5.5, -0.9, -3.3) (0.0, 1.0, 0.0, 0.0)","(-4.9, -0.9, -4.4) (0.0, -0.5, 0.0, 0.9)","(-6.1, -0.9, -4.4) (0.0, 0.5, 0.0, 0.9)","(-8.0, -0.9, -1.8) (0.0, 0.5, 0.0, 0.9)","(-4.1, -0.9, -3.7) (0.0, 0.4, 0.0, 0.9)",_,_,_,_,_,_,"(-3.8, -0.9, -4.4) (0.0, -0.8, 0.0, -0.6)",
331,data/screenshots/331_1_0_0_3_0.9474826_5.10034_0_0_1.303304_4.591151_4.811783_6.04166_189.4716_169.5478_181.1136_242.3527_0_0_0_0_1_0_0_50_0_0_4.png,1,0,0,3,0.9474826,5.10034,0,0,1.303304,4.591151,4.811783,6.04166,189.4716,169.5478,181.1136,242.3527,0,0,0,0,1,0,0,50,0,50,0,0,4,"(-3.0, -0.9, -2.1) (0.0, 1.0, 0.0, 0.0)","(-2.2, -0.9, -3.5) (0.0, -0.5, 0.0, 0.9)","(-3.8, -0.9, -3.5) (0.0, 0.5, 0.0, 0.9)",_,_,_,_,_,_,_,_,"(-7.7, -0.9, -1.0) (0.0, 0.6, 0.0, -0.8)",
332,data/screenshots/332_1_0_2_3_0.8371441_1.251057_0_0_1.090008_0.8567476_1.3397_2.066168_221.7885_142.4929_186.8036_264.7876_0_0_0_0_1_0_0_50_0_0_4.png,1,0,2,3,0.8371441,1.251057,0,0,1.090008,0.8567476,1.3397,2.066168,221.7885,142.4929,186.8036,264.7876,0,0,0,0,1,0,0,50,0,50,0,0,4,"(-3.0, -0.9, -2.2) (0.0, 1.0, 0.0, 0.0)","(-2.3, -0.9, -3.4) (0.0, -0.5, 0.0, 0.9)","(-3.7, -0.9, -3.4) (0.0, 0.5, 0.0, 0.9)",_,_,_,_,_,_,_,_,"(-4.2, -0.9, -2.7) (0.0, 0.6, 0.0, -0.8)",
333,data/screenshots/333_0_1_9_5_0.8584414_0_1_1_0_0.8584414_0.8584414_0.8584414_140_212_284_0_0_0_0_1_1_1_2_1.24892_0_1_10.png,0,1,9,5,0.8584414,0,1,1,0,0.8584414,0.8584414,0.8584414,140,212,284,0,0,0,0,1,1,1,2,1.24892,0,50,1,0,10,"(-5.5, -0.9, -3.1) (0.0, 1.0, 0.0, 0.0)","(-4.7, -0.9, -3.7) (0.0, -0.8, 0.0, 0.6)","(-5.0, -0.9, -4.7) (0.0, -0.3, 0.0, 1.0)","(-6.0, -0.9, -4.7) (0.0, 0.3, 0.0, 1.0)","(-6.3, -0.9, -3.7) (0.0, 0.8, 0.0, 0.6)","(-3.2, -0.9, -3.1) (0.0, 1.0, 0.0, -0.3)","(-5.7, -0.3, -0.3) (0.0, -0.7, 0.0, 0.7)",_,"(-2.9, -0.9, -3.4) (0.0, 0.2, 0.0, -1.0)","(-4.9, -0.9, -5.1) (0.0, 0.8, 0.0, -0.5)",_,"(-5.5, -0.9, -4.0) (0.0, 0.9, 0.0, -0.3)",
334,data/screenshots/334_1_0_6_5_0.716501_0_1_1_1.952772_0.7165008_0.7165008_0.7165009_114_330_186_0_0_1_0_1_1_1_0_50_0_0_7.png,1,0,6,5,0.716501,0,1,1,1.952772,0.7165008,0.7165008,0.7165009,114,330,186,0,0,1,0,1,1,1,0,50,0,50,0,0,7,"(-5.5, -0.9, -3.3) (0.0, 1.0, 0.0, 0.0)","(-4.8, -0.9, -3.8) (0.0, -0.8, 0.0, 0.6)","(-5.1, -0.9, -4.6) (0.0, -0.3, 0.0, 1.0)","(-5.9, -0.9, -4.6) (0.0, 0.3, 0.0, 1.0)","(-6.2, -0.9, -3.8) (0.0, 0.8, 0.0, 0.6)","(-8.5, -0.9, -0.3) (0.0, 0.6, 0.0, -0.8)",_,_,_,_,_,"(-5.5, -0.9, -4.0) (0.0, 0.4, 0.0, -0.9)",
335,data/screenshots/335_1_0_3_0_50_50_1_0_1.121939_3.005398_4.429582_4.88585_119.9962_43.20483_43.91901_265.9962_0_1_1_0_0_0_0_50_1_0_5.png,1,0,3,0,50,50,1,0,1.121939,3.005398,4.429582,4.88585,119.9962,43.20483,43.91901,265.9962,0,1,1,0,0,0,0,50,1,2.074344,0,0,5,"(-7.2, -0.9, -0.1) (0.0, 0.6, 0.0, -0.8)","(-7.1, -0.9, -0.5) (0.0, 0.1, 0.0, -1.0)","(-2.7, -0.9, -2.4) (0.0, 0.3, 0.0, -0.9)",_,_,_,_,_,_,_,"(-3.1, -0.9, -3.4) (0.0, 0.7, 0.0, 0.7)","(-4.9, -0.9, -4.4) (0.0, -0.6, 0.0, 0.8)",
336,data/screenshots/336_1_0_3_0_50_50_1_0_1.590467_2.041634_2.848074_3.202807_281.3544_271.9146_284.5435_106.3506_0_0_0_0_0_0_0_50_0_0_4.png,1,0,3,0,50,50,1,0,1.590467,2.041634,2.848074,3.202807,281.3544,271.9146,284.5435,106.3506,0,0,0,0,0,0,0,50,0,50,0,0,4,"(-7.7, -0.9, -1.2) (0.0, 0.7, 0.0, -0.7)","(-8.1, -0.9, -1.9) (0.0, 0.8, 0.0, -0.6)","(-7.3, -0.9, -2.3) (0.0, 0.4, 0.0, 0.9)",_,_,_,_,_,_,_,_,"(-6.3, -0.9, -4.0) (0.0, 0.4, 0.0, 0.9)",
337,data/screenshots/337_1_0_3_0_50_50_1_0_1.585844_2.476603_3.250825_3.431383_353.939_125.8579_111.312_248.2896_1_0_0_0_0_0_0_50_0_0_4.png,1,0,3,0,50,50,1,0,1.585844,2.476603,3.250825,3.431383,353.939,125.8579,111.312,248.2896,1,0,0,0,0,0,0,50,0,50,0,0,4,"(-7.8, -0.9, -1.1) (0.0, 0.8, 0.0, -0.6)","(-2.9, -0.9, -2.6) (0.0, 0.4, 0.0, -0.9)","(-3.0, -0.9, -3.4) (0.0, 0.9, 0.0, 0.3)",_,_,_,_,_,_,_,_,"(-6.3, -0.9, -3.1) (0.0, -0.3, 0.0, 1.0)",
338,data/screenshots/338_0_1_4_0_50_50_1_0_0_0.4112179_3.387881_3.751371_122.2342_346.5173_50.71384_327.4427_0_1_0_1_0_1_0_50_0_0_5.png,0,1,4,0,50,50,1,0,0,0.4112179,3.387881,3.751371,122.2342,346.5173,50.71384,327.4427,0,1,0,1,0,1,0,50,0,50,0,0,5,"(-2.9, -0.9, -2.4) (0.0, 0.5, 0.0, -0.8)","(-7.4, -0.9, -1.5) (0.0, 0.6, 0.0, 0.8)","(-3.8, -0.9, -0.7) (0.0, 0.8, 0.0, 0.6)","(-5.0, -0.9, -4.3) (0.0, 0.2, 0.0, -1.0)",_,_,_,_,_,_,_,"(-7.1, -0.9, -1.1) (0.0, 0.7, 0.0, 0.7)",
339,data/screenshots/339_1_0_2_0_50_50_1_0_0.9343694_2.135604_4.122505_50_354.243_314.8927_1000_72.16537_1_0_0_0_0_0_0_50_0_0_3.png,1,0,2,0,50,50,1,0,0.9343694,2.135604,4.122505,50,354.243,314.8927,1000,72.16537,1,0,0,0,0,0,0,50,0,50,0,0,3,"(-3.2, -0.9, -3.1) (0.0, 0.5, 0.0, -0.9)","(-5.9, -0.9, -3.9) (0.0, 0.8, 0.0, -0.6)",_,_,_,_,_,_,_,_,_,"(-7.3, -0.9, -2.3) (0.0, 1.0, 0.0, 0.3)",
340,data/screenshots/340_0_1_1_0_50_50_1_0_0_0.6693608_50_50_325.0255_1000_1000_117.1908_1_0_0_0_0_0_0_50_0_0_2.png,0,1,1,0,50,50,1,0,0,0.6693608,50,50,325.0255,1000,1000,117.1908,1,0,0,0,0,0,0,50,0,50,0,0,2,"(-7.8, -0.9, -0.9) (0.0, 1.0, 0.0, 0.1)",_,_,_,_,_,_,_,_,_,_,"(-8.4, -0.9, -0.7) (0.0, 0.9, 0.0, 0.3)",
341,data/screenshots/341_0_1_5_0_50_50_1_0_0_1.242149_2.449824_2.801382_71.92569_145.6394_157.8596_196.1165_0_0_0_0_0_0_0_50_0_0_6.png,0,1,5,0,50,50,1,0,0,1.242149,2.449824,2.801382,71.92569,145.6394,157.8596,196.1165,0,0,0,0,0,0,0,50,0,50,0,1,6,"(-6.2, -0.9, -4.9) (0.0, 1.0, 0.0, -0.1)","(-8.2, -0.9, -0.9) (0.0, 1.0, 0.0, -0.1)","(-3.2, -0.9, -3.9) (0.0, 1.0, 0.0, 0.2)","(-6.0, -0.9, -3.0) (0.0, 0.0, 0.0, -1.0)","(-5.6, -0.9, -3.5) (0.0, 0.4, 0.0, -0.9)",_,_,_,_,_,_,"(-3.2, -0.9, -2.7) (0.0, 0.8, 0.0, 0.6)",
342,data/screenshots/342_0_1_3_0_50_50_1_0_0_1.98569_4.202901_4.780947_174.812_98.98618_66.47018_110.6422_0_0_0_0_0_0_0_50_0_1_4.png,0,1,3,0,50,50,1,0,0,1.98569,4.202901,4.780947,174.812,98.98618,66.47018,110.6422,0,0,0,0,0,0,0,50,0,50,1,0,4,"(-3.2, -0.9, -3.5) (0.0, 0.9, 0.0, 0.4)","(-8.2, -0.9, -0.8) (0.0, 0.8, 0.0, -0.6)",_,_,_,_,"(-5.7, -0.3, -0.3) (0.0, -0.7, 0.0, 0.7)",_,_,_,_,"(-5.0, -0.9, -4.4) (0.0, -0.8, 0.0, 0.6)",
343,data/screenshots/343_0_1_2_0_50_50_1_0_0_1.442918_1.552687_50_25.31195_331.6831_1000_313.1284_1_1_0_0_0_0_0_50_0_0_3.png,0,1,2,0,50,50,1,0,0,1.442918,1.552687,50,25.31195,331.6831,1000,313.1284,1,1,0,0,0,0,0,50,0,50,0,0,3,"(-4.8, -0.9, -3.3) (0.0, 0.9, 0.0, -0.5)","(-6.2, -0.9, -3.5) (0.0, 0.1, 0.0, -1.0)",_,_,_,_,_,_,_,_,_,"(-5.2, -0.9, -4.7) (-0.1, -0.1, 0.0, 1.0)",
344,data/screenshots/344_1_0_3_0_50_50_1_0_0.5020093_3.679037_4.142336_4.142842_199.4647_298.1811_199.8748_262.9643_0_0_0_0_0_0_0_50_1_0_5.png,1,0,3,0,50,50,1,0,0.5020093,3.679037,4.142336,4.142842,199.4647,298.1811,199.8748,262.9643,0,0,0,0,0,0,0,50,1,3.943254,0,0,5,"(-8.5, -0.9, -0.8) (0.0, 0.6, 0.0, 0.8)","(-3.2, -0.9, -3.5) (0.0, 0.6, 0.0, 0.8)","(-3.1, -0.9, -4.0) (0.0, 1.0, 0.0, 0.2)",_,_,_,_,_,_,_,"(-5.0, -0.9, -4.0) (0.0, 1.0, 0.0, -0.1)","(-4.4, -0.9, -0.1) (0.0, -0.3, 0.0, 0.9)",
345,data/screenshots/345_1_0_1_0_50_50_1_0_2.054021_1.348738_50_50_43.14143_1000_1000_49.51581_1_0_0_0_0_0_1_1.348738_0_0_2.png,1,0,1,0,50,50,1,0,2.054021,1.348738,50,50,43.14143,1000,1000,49.51581,1,0,0,0,0,0,1,1.348738,0,50,0,0,2,_,_,_,_,_,_,_,_,"(-4.3, -0.9, -2.2) (0.0, 0.2, 0.0, -1.0)",_,_,"(-3.8, -0.9, -1.0) (0.0, 1.0, 0.0, 0.2)",
346,data/screenshots/346_1_0_9_3_0.7756959_3.828564_0_0_1.565997_0.578981_1.024579_2.96175_183.2102_201.048_186.1194_81.15945_0_0_0_0_0_0_2_1.024579_0_2_10.png,1,0,9,3,0.7756959,3.828564,0,0,1.565997,0.578981,1.024579,2.96175,183.2102,201.048,186.1194,81.15945,0,0,0,0,0,0,2,1.024579,0,50,2,0,10,"(-5.5, -0.9, -3.2) (0.0, 1.0, 0.0, 0.0)","(-4.8, -0.9, -4.4) (0.0, -0.5, 0.0, 0.9)","(-6.2, -0.9, -4.4) (0.0, 0.5, 0.0, 0.9)","(-8.0, -0.9, -1.9) (0.0, 0.9, 0.0, -0.4)","(-4.1, -0.9, -2.3) (0.0, 1.0, 0.0, 0.3)",_,"(-5.7, -0.3, -0.3) (0.0, -0.7, 0.0, 0.7)","(-5.3, -0.7, -2.1) (0.0, -0.8, 0.0, 0.7)","(-6.4, -0.9, -3.7) (0.0, 1.0, 0.0, 0.2)","(-7.9, -0.9, -2.4) (0.0, 1.0, 0.0, -0.2)",_,"(-8.4, -0.9, -1.5) (0.0, 0.4, 0.0, -0.9)",
347,data/screenshots/347_0_1_6_0_50_50_0_0_0_0.5497501_1.03022_1.385255_236.1805_92.88126_234.4885_224.1777_0_0_0_0_0_0_1_5.442024_1_0_8.png,0,1,6,0,50,50,0,0,0,0.5497501,1.03022,1.385255,236.1805,92.88126,234.4885,224.1777,0,0,0,0,0,0,1,5.442024,1,2.55882,0,0,8,"(-4.2, -0.9, -4.2) (0.0, 1.0, 0.0, 0.3)","(-7.1, -0.9, -1.8) (0.0, 0.1, 0.0, -1.0)","(-4.2, -0.9, -0.5) (0.0, 0.7, 0.0, -0.7)","(-2.6, -0.9, -2.5) (0.0, 0.9, 0.0, 0.4)","(-3.0, -0.9, -3.2) (0.0, 0.1, 0.0, -1.0)",_,_,_,"(-7.9, -0.9, -1.0) (0.0, 0.4, 0.0, -0.9)",_,"(-5.8, -0.9, -3.7) (0.0, 0.6, 0.0, 0.8)","(-3.2, -0.9, -3.7) (0.0, 1.0, 0.0, 0.3)",
348,data/screenshots/348_1_0_4_3_0.754425_0_1_1_0.5232089_0.754425_0.7544251_0.7544251_153_273_33_0_0_0_1_1_1_1_0_50_0_0_5.png,1,0,4,3,0.754425,0,1,1,0.5232089,0.754425,0.7544251,0.7544251,153,273,33,0,0,0,1,1,1,1,0,50,0,50,0,0,5,"(-3.0, -0.9, -2.2) (0.0, 1.0, 0.0, 0.0)","(-2.3, -0.9, -3.4) (0.0, -0.5, 0.0, 0.9)","(-3.7, -0.9, -3.4) (0.0, 0.5, 0.0, 0.9)","(-5.7, -0.9, -3.2) (0.0, 0.5, 0.0, -0.8)",_,_,_,_,_,_,_,"(-3.0, -0.9, -3.0) (0.0, 1.0, 0.0, -0.2)",
349,data/screenshots/349_0_1_6_0_50_50_1_0_0_0.4668591_1.79981_2.183335_180.5896_176.2075_124.0229_275.5896_0_0_0_0_0_0_0_50_1_2_8.png,0,1,6,0,50,50,1,0,0,0.4668591,1.79981,2.183335,180.5896,176.2075,124.0229,275.5896,0,0,0,0,0,0,0,50,1,4.527399,2,0,8,"(-3.2, -0.9, -3.5) (0.0, 0.1, 0.0, 1.0)","(-3.9, -0.9, -3.3) (0.0, 0.9, 0.0, -0.5)","(-7.6, -0.9, -0.7) (0.0, 0.3, 0.0, 0.9)","(-5.0, -0.9, -4.0) (0.0, 0.3, 0.0, -1.0)",_,_,"(-5.7, -0.3, -0.3) (0.0, -0.7, 0.0, 0.7)","(-5.3, -0.7, -2.1) (0.0, -0.8, 0.0, 0.7)",_,_,"(-7.3, -0.9, -0.2) (0.0, 0.9, 0.0, 0.4)","(-5.4, -0.9, -4.3) (0.0, -0.9, 0.0, 0.5)",
